,股票代码,股票简称,ROE2022
7,688767.SH,博拓生物,33.14
12,688606.SH,奥泰生物,31.64
13,688575.SH,亚辉龙,51.66
18,688391.SH,钜泉科技,25.69
19,688349.SH,三一重能,21.86
41,688075.SH,安旭生物,76.31
64,603816.SH,顾家家居,21.61
68,603737.SH,三棵树,15.64
90,603486.SH,科沃斯,30.46
91,603408.SH,建霖家居,16.9
93,603369.SH,今世缘,24.73
95,603360.SH,百傲化学,32.07
104,603203.SH,快克智能,20.85
107,603125.SH,常青科技,25.63
112,603100.SH,川仪股份,17.5
120,603026.SH,胜华新材,25.3
130,601918.SH,新集能源,19.56
147,601009.SH,南京银行,15.12
148,601001.SH,晋控煤业,23.03
154,600885.SH,宏发股份,17.86
163,600779.SH,水井坊,39.96
164,600777.SH,新潮能源,22.71
199,600521.SH,华海药业,16.55
209,600392.SH,盛和资源,15.82
218,600340.SH,华夏幸福,28.39
231,600242.SH,*ST中昌,198.21
256,600064.SH,南京高科,15.25
257,600057.SH,厦门象屿,18.06
269,200596,古井贡B,17.93
274,003043.SZ,华亚智能,16.28
291,002867.SZ,周大生,18.28
296,002833.SZ,弘亚数控,19.2
307,002761.SZ,浙江建投,15.2
365,002432.SZ,九安医疗,143.63
381,002346.SZ,柘中股份,17.64
397,002248.SZ,华东数控,16.62
398,002244.SZ,滨江集团,16.94
400,002211.SZ,ST宏达,54.37
401,002210.SZ,飞马国际,41.64
411,002164.SZ,宁波东力,29.21
427,002088.SZ,鲁阳节能,21.35
436,002050.SZ,三花智控,21.38
447,001287.SZ,中电港,15.57
468,000858.SZ,五粮液,25.28
477,000799.SZ,酒鬼酒,27.33
478,000796.SZ,ST凯撒,268.09
492,000651.SZ,格力电器,24.19
505,000596.SZ,古井贡酒,17.93
509,000568.SZ,泸州老窖,33.32
515,000525.SZ,ST红太阳,43.47
526,000333.SZ,美的集团,22.21
545,900905,老凤祥B,17.6
550,873874.BJ,涅生科技,22.46
559,873775.BJ,元方科技,25.08
560,873767.BJ,远图股份,23.75
563,873743.BJ,太湖远大,21.28
564,873734.BJ,康源水务,30.18
571,873612.BJ,联康信息,41.87
575,873528.BJ,城市大脑,24.14
582,873348.BJ,云沣环境,26.97
585,873290.BJ,华之鹏,16.43
586,873270.BJ,创兴精密,37.78
594,873132.BJ,泰鹏智能,48.96
602,872936.BJ,恒欣设计,31.22
608,872845.BJ,万淇股份,47.86
619,872709.BJ,巍特环境,18.33
621,872677.BJ,天朔医疗,23.09
624,872628.BJ,英迪迈,53.05
627,872523.BJ,权星智控,55.19
631,872380.BJ,金鑫新能,16.68
635,872333.BJ,磐电科技,22.2
636,872304.BJ,天浩科技,41.79
638,872220.BJ,乐誓股份,131.26
640,872161.BJ,风行测控,19.33
653,871811.BJ,中能科技,47.43
655,871690.BJ,上源环保,17.47
656,871677.BJ,韶华文化,81.64
659,871540.BJ,飞利达,35.82
680,871091.BJ,豪能科技,22.6
682,871037.BJ,天和环保,19.22
683,870986.BJ,一号农场,19.25
685,870924.BJ,安卡网络,36.24
687,870879.BJ,元盛塑业,19.05
690,870849.BJ,亿安天下,20.39
696,870788.BJ,ST润雅,28.56
700,870690.BJ,中德联信,26.02
701,870656.BJ,海N药业,46.77
702,870652.BJ,厚基股份,15.28
706,870573.BJ,小布涂涂,25.0
708,870532.BJ,储秀网络,22.99
716,870270.BJ,大酉科技,44.36
721,870154.BJ,伊发电力,22.81
725,870092.BJ,派沃股份,69.58
727,870046.BJ,图腾信息,28.0
735,839717.BJ,九州生态,26.26
737,839684.BJ,创艺园,4577.34
743,839503.BJ,今鼎股份,93.15
748,839253.BJ,红霖股份,16.0
758,839024.BJ,远播教育,19.54
761,838992.BJ,国讯股份,25.58
766,838800.BJ,龙的电器,21.7
768,838758.BJ,思迅软件,36.84
769,838749.BJ,蒲公英,36.4
770,838737.BJ,月新科技,22.7
773,838593.BJ,大唐科技,20.81
776,838497.BJ,中商产业,27.14
778,838419.BJ,威泽智能,24.37
786,838274.BJ,星捷安,19.13
790,838093.BJ,东水食品,18.06
792,838049.BJ,琅卡博,36.36
801,837758.BJ,宏天信业,26.16
805,837662.BJ,恒锐智能,16.19
810,837432.BJ,唐彩股份,25.63
811,837430.BJ,良时智能,21.76
812,837403.BJ,康农种业,18.88
813,837392.BJ,天石纳米,15.76
814,837347.BJ,三清国旅,75.63
825,836976.BJ,杰思股份,110.07
826,836961.BJ,西磁科技,29.09
827,836930.BJ,京城皮肤,24.21
828,836903.BJ,汇东管道,25.21
836,836715.BJ,优力可,26.18
837,836674.BJ,净源科技,25.41
846,836418.BJ,浙商企业,26.79
847,836409.BJ,明峰检测,26.87
852,836342.BJ,正科医药,29.58
854,836312.BJ,集美新材,38.87
858,836210.BJ,苏马游艇,22.2
861,836122.BJ,南深股份,22.19
862,836076.BJ,蛇口船务,34.13
864,835993.BJ,泽衡环保,17.42
868,835909.BJ,双飞人,41.0
870,835843.BJ,ST嗨德,76.96
872,835775.BJ,用尚科技,23.65
876,835680.BJ,西部宝德,33.14
877,835579.BJ,机科股份,17.89
885,835363.BJ,腾信软创,16.81
887,835269.BJ,长兴制药,22.04
889,835222.BJ,华鼎团膳,22.39
896,835087.BJ,桂林恒瑞,72.55
897,835084.BJ,多麦股份,55.92
899,835047.BJ,中融股份,22.34
901,835034.BJ,化龙网络,24.15
909,834696.BJ,海通基业,29.17
921,834327.BJ,车讯互联,15.79
924,834282.BJ,前程股份,18.31
930,834162.BJ,江平生物,15.47
939,833909.BJ,ST中丹,23.71
947,833786.BJ,超纯环保,25.03
949,833746.BJ,宏中药业,57.09
957,833440.BJ,新鸿运,18.25
958,833370.BJ,运鹏股份,27.02
961,833320.BJ,启迪图卫,24.6
962,833305.BJ,万仕隆,21.01
968,833183.BJ,超凡股份,22.55
988,832651.BJ,天罡股份,18.53
993,832494.BJ,首航直升,58.8
996,832471.BJ,美邦科技,15.24
1002,832266.BJ,首帆动力,25.98
1005,832141.BJ,燎原环保,29.27
1009,832014.BJ,绿之彩,17.92
1024,831830.BJ,和创化学,70.31
1029,831682.BJ,金田科技,20.89
1030,831642.BJ,蜀虹装备,34.64
1041,831490.BJ,成电光信,29.67
1048,831431.BJ,东南光电,189.17
1049,831382.BJ,智创联合,44.61
1051,831346.BJ,木联能,20.24
1060,831260.BJ,东方碾磨,28.14
1064,831122.BJ,永信科技,23.93
1085,688707.SH,振华新材,36.36
1087,688696.SH,极米科技,17.15
1096,688621.SH,阳光诺和,18.88
1101,688559.SH,海目星,21.27
1105,688516.SH,奥特维,37.76
1114,688389.SH,普门科技,18.75
1115,688383.SH,新益昌,15.56
1123,688298.SH,东方生物,25.03
1124,688271.SH,联影医疗,17.48
1148,688068.SH,热景生物,30.41
1149,688061.SH,灿瑞科技,16.12
1168,605123.SH,派克新材,19.88
1175,603939.SH,益丰药房,15.82
1179,603906.SH,龙蟠科技,21.12
1186,603876.SH,鼎胜新材,24.39
1187,603868.SH,飞科电器,25.73
1194,603799.SH,华友钴业,17.15
1201,603707.SH,健友股份,18.82
1206,603665.SH,康隆达,19.81
1211,603613.SH,国联股份,23.17
1212,603612.SH,索通发展,18.57
1213,603600.SH,永艺股份,20.98
1214,603589.SH,口子窖,18.23
1218,603456.SH,九洲药业,18.69
1221,603380.SH,易德龙,15.05
1228,603277.SH,银都股份,18.3
1231,603233.SH,大参林,17.87
1232,603229.SH,奥翔药业,17.36
1236,603195.SH,公牛集团,27.88
1245,603040.SH,新坐标,15.19
1261,601216.SH,君正集团,17.37
1274,601012.SH,隆基绿能,26.95
1282,600887.SH,伊利股份,19.23
1289,600815.SH,厦工股份,18.56
1290,600809.SH,山西汾酒,44.74
1294,600763.SH,通策医疗,17.57
1301,600661.SH,昂立教育,65.68
1308,600612.SH,老凤祥,17.6
1309,600596.SH,新安股份,29.03
1325,600406.SH,国电南瑞,16.09
1330,600328.SH,中盐化工,21.62
1336,600248.SH,陕西建工,20.7
1337,600236.SH,桂冠电力,19.64
1351,600132.SH,重庆啤酒,69.25
1352,600083.SH,博信股份,115.65
1362,430755,华曦达,57.41
1364,430734,ST源渤,189.59
1368,430670,东芯通信,36.17
1375,430505,上陵牧业,37.69
1376,430459,华艺园林,16.01
1378,430428,陕西瑞科,18.42
1388,430179,宇昂科技,27.77
1402,400151,天首3,90.59
1409,400131,科迪3,260.15
1423,301399.SZ,英特科技,31.89
1424,301379.SZ,天山电子,20.07
1430,301260.SZ,格力博,18.78
1431,301246.SZ,宏源药业,22.93
1456,300760.SZ,迈瑞医疗,33.38
1459,300724.SZ,捷佳伟创,15.64
1490,300373.SZ,扬杰科技,18.98
1514,300108.SZ,*ST吉药,72.63
1529,003033.SZ,征和工业,16.49
1532,003019.SZ,宸展光电,18.49
1539,002973.SZ,侨银股份,17.67
1548,002897.SZ,意华股份,16.0
1554,002836.SZ,新宏泽,23.51
1556,002832.SZ,比音勒芬,19.35
1563,002776.SZ,ST柏龙,332.14
1573,002714.SZ,牧原股份,21.01
1590,002601.SZ,龙佰集团,16.69
1596,002555.SZ,三七互娱,25.41
1605,002497.SZ,雅化集团,52.64
1607,002475.SZ,立讯精密,23.0
1630,002274.SZ,华昌化工,18.84
1638,002223.SZ,鱼跃医疗,17.51
1643,002158.SZ,汉钟精机,22.82
1655,002043.SZ,兔宝宝,19.93
1661,001368.SZ,通达创智,20.6
1666,001282.SZ,三联锻造,15.93
1669,001231.SZ,农心科技,15.35
1698,000733.SZ,振华科技,27.83
1704,000670.SZ,盈方微,25.9
1715,000529.SZ,广弘控股,33.78
1718,000506.SZ,中润资源,50.49
1723,000049.SZ,德赛电池,23.3
1731,874075.BJ,乔路铭,57.21
1737,873936.BJ,金龙电机,17.51
1738,873932.BJ,百金股份,21.99
1739,873921.BJ,赛尔尼柯,33.02
1740,873901.BJ,利盈环保,37.05
1741,873889.BJ,伊邦科技,20.04
1747,873800.BJ,天舒科技,16.06
1749,873771.BJ,海容股份,19.99
1750,873765.BJ,长宇股份,47.09
1751,873739.BJ,大鹏工业,19.47
1757,873695.BJ,海宏液压,19.73
1759,873691.BJ,绿晶生物,20.68
1762,873666.BJ,南京清泉,30.91
1769,873579.BJ,朔翔科技,18.86
1770,873571.BJ,斯迈特,17.27
1772,873516.BJ,顺祥新材,23.45
1773,873513.BJ,金兰股份,35.94
1774,873506.BJ,智慧交通,21.96
1782,873456.BJ,联城科技,25.39
1784,873445.BJ,宝润达,16.26
1786,873420.BJ,德桥股份,25.56
1788,873406.BJ,华甬新材,19.88
1798,873337.BJ,中超伟业,21.2
1819,873193.BJ,擎雷科技,29.19
1820,873192.BJ,易飞国际,30.15
1823,873136.BJ,凯奥净化,29.37
1824,873135.BJ,汉鸣科技,21.39
1827,873119.BJ,绿林幼教,31.23
1828,873116.BJ,朗晖数化,18.95
1833,873063.BJ,车易付,16.41
1841,873018.BJ,永昌股份,16.1
1842,873017.BJ,渝欧跨境,29.21
1847,872958.BJ,硕恩网络,29.1
1853,872895.BJ,花溪科技,20.83
1854,872893.BJ,威易发,36.9
1859,872811.BJ,天源股份,16.53
1860,872775.BJ,中国珠宝,20.52
1865,872666.BJ,友华医院,27.25
1867,872622.BJ,宝马建设,137.47
1870,872573.BJ,艾瑞技术,19.25
1876,872495.BJ,凯鸿物流,18.63
1880,872476.BJ,上海生农,16.79
1881,872471.BJ,林海生态,24.4
1887,872435.BJ,硕博电子,40.68
1888,872432.BJ,德乐科技,21.93
1890,872417.BJ,荣骏检测,19.53
1891,872415.BJ,欧联股份,21.17
1896,872379.BJ,小蝉传媒,43.85
1897,872374.BJ,云里物里,19.14
1902,872328.BJ,宁苗生态,16.18
1909,872288.BJ,金码测控,17.45
1911,872267.BJ,金发股份,18.86
1918,872216.BJ,高发气体,30.68
1919,872213.BJ,康隆生物,23.02
1924,872183.BJ,润康科技,16.28
1929,872156.BJ,中科沣文,162.55
1931,872144.BJ,精一科技,18.44
1933,872102.BJ,中苏科技,33.3
1936,872085.BJ,群星明,17.3
1937,872082.BJ,百年育才,26.34
1938,872077.BJ,ST恒铭,36.62
1948,871952.BJ,国创节能,15.13
1951,871942.BJ,阖天下,17.78
1962,871859.BJ,明日教育,30.99
1963,871858.BJ,天易成,23.5
1966,871840.BJ,五五科技,56.88
1967,871835.BJ,睿智教育,21.64
1971,871807.BJ,兴湃至美,15.48
1973,871791.BJ,修路人,19.22
1979,871721.BJ,润元户外,19.51
1990,871529.BJ,鼎峰科技,17.34
1999,871425.BJ,富美特,20.85
2010,871281.BJ,正多科技,18.63
2018,871012.BJ,穿越科技,65.56
2028,870892.BJ,杭州路桥,18.33
2032,870777.BJ,麦腾科创,60.57
2038,870702.BJ,点触科技,23.2
2045,870556.BJ,首信科技,29.9
2047,870548.BJ,凯奥能源,18.77
2050,870520.BJ,豪辉科技,34.09
2066,870271.BJ,聚川环保,16.49
2069,870225.BJ,华聪股份,17.78
2077,870130.BJ,益健堂,20.32
2080,870016.BJ,新迎顺,15.38
2081,870009.BJ,安捷股份,31.49
2083,839962.BJ,中诚咨询,37.19
2084,839954.BJ,汇杰设计,25.3
2104,839643.BJ,仪美医科,18.17
2108,839605.BJ,晟琪科技,17.57
2109,839583.BJ,图南电子,30.09
2120,839355.BJ,为正生物,44.31
2122,839335.BJ,互邦电力,35.47
2123,839305.BJ,尼普顿,37.38
2125,839296.BJ,方大咨询,22.31
2132,839187.BJ,视瑞特,23.57
2136,839142.BJ,金穗隆,20.47
2137,839131.BJ,艾叶文化,16.91
2139,839081.BJ,凤礼精求,16.01
2141,839033.BJ,恒电科技,15.87
2142,839028.BJ,华会通,45.95
2144,838982.BJ,阳光中科,54.46
2146,838956.BJ,旋荣科技,28.65
2147,838934.BJ,叙简科技,18.65
2154,838861.BJ,华鹏精机,35.86
2159,838798.BJ,瑞星时光,24.6
2164,838693.BJ,佳鹏股份,40.54
2168,838655.BJ,泰利信,56.42
2169,838651.BJ,谷实生物,35.53
2178,838486.BJ,远正智能,22.1
2184,838408.BJ,天锐股份,18.86
2185,838395.BJ,科融数据,24.57
2187,838372.BJ,纯聚科技,20.22
2188,838334.BJ,金证互通,26.69
2195,838194.BJ,金泰美林,40.1
2196,838192.BJ,铂联科技,17.95
2201,838075.BJ,安锐信息,20.88
2204,837934.BJ,神州能源,22.06
2205,837931.BJ,大飞龙,29.2
2207,837912.BJ,ST龙席,200.0
2216,837796.BJ,黑马高科,16.02
2218,837748.BJ,路桥信息,22.09
2224,837646.BJ,德能电机,18.73
2230,837558.BJ,宏辉石油,18.14
2237,837393.BJ,诺和股份,22.27
2242,837289.BJ,迪威高压,37.66
2244,837253.BJ,中良股份,28.59
2247,837173.BJ,华瑞达,36.17
2248,837143.BJ,潮庭食品,22.82
2251,837090.BJ,泛谷药业,32.18
2253,837006.BJ,晟楠科技,29.03
2255,836974.BJ,上海功途,16.54
2257,836954.BJ,鼎集智能,22.31
2267,836830.BJ,华迅智能,16.25
2279,836679.BJ,科睿特,34.1
2287,836547.BJ,无锡晶海,21.91
2290,836440.BJ,浦士达,20.89
2300,836189.BJ,新诺航科,20.1
2302,836127.BJ,亿鑫股份,27.82
2308,836047.BJ,信元网安,19.64
2312,835982.BJ,联盛科技,63.1
2326,835755.BJ,创研股份,42.94
2332,835595.BJ,固润科技,17.06
2338,835496.BJ,德林荣泽,82.79
2343,835405.BJ,意天物联,22.74
2344,835391.BJ,百事宝,23.45
2346,835365.BJ,国友股份,15.07
2351,835296.BJ,澳菲利,20.69
2353,835287.BJ,鹏业软件,25.03
2356,835203.BJ,亚微软件,44.07
2358,835192.BJ,电老虎网,20.16
2359,835187.BJ,中汇股份,35.28
2368,834896.BJ,世贸通,48.47
2370,834866.BJ,利欣制药,19.41
2378,834756.BJ,凡星医疗,19.63
2382,834700.BJ,征途科技,65.71
2383,834685.BJ,先锋机械,15.72
2389,834587.BJ,鼎端装备,394.38
2403,834414.BJ,源耀农业,29.01
2405,834377.BJ,德博科技,18.11
2407,834361.BJ,融航信息,33.69
2429,833925.BJ,兴业源,18.13
2430,833923.BJ,华辰净化,36.29
2438,833784.BJ,美福润,15.61
2440,833751.BJ,惠同新材,15.59
2442,833716.BJ,天工科技,17.16
2457,833505.BJ,美的连,35.44
2462,833434.BJ,博锐斯,22.99
2464,833399.BJ,香哈股份,51.18
2466,833395.BJ,帕卓管路,16.41
2477,833204.BJ,百事达,15.12
2484,833022.BJ,欧迈机械,30.98
2495,832917.BJ,惠洲院,16.65
2499,832876.BJ,慧为智能,17.33
2501,832854.BJ,紫光新能,111.18
2503,832850.BJ,大泽电极,45.68
2505,832822.BJ,保正股份,52.98
2526,832499.BJ,天海流体,22.54
2535,832359.BJ,益森科技,15.19
2545,832214.BJ,太川股份,23.81
2547,832174.BJ,益立胶囊,17.48
2564,831978.BJ,金康精工,20.04
2576,831854.BJ,曼克斯,52.61
2583,831743.BJ,立高科技,16.0
2587,831718.BJ,青鸟软通,16.08
2590,831698.BJ,工大软件,15.93
2593,831669.BJ,永晟科技,23.26
2596,831641.BJ,格利尔,24.54
2608,831519.BJ,百正新材,28.27
2614,831462.BJ,友泰电气,44.18
2619,831428.BJ,数据堂,17.87
2627,831330.BJ,普适导航,54.02
2629,831311.BJ,博安智能,24.53
2633,831236.BJ,华东修船,32.81
2636,831185.BJ,众智软件,21.54
2638,831144.BJ,欣影科技,15.15
2645,831032.BJ,景睿策划,35.03
2651,830961.BJ,圣华农科,22.65
2660,830852.BJ,中科仪,60.78
2662,830825.BJ,和泰润佳,21.97
2663,830824.BJ,华虹科技,21.44
2664,830806.BJ,亚锦科技,57.24
2667,688789.SH,宏华数科,15.48
2668,688777.SH,中控技术,16.44
2671,688581.SH,安杰思,44.4
2677,688399.SH,硕世生物,58.8
2678,688390.SH,固德威,33.18
2695,688152.SH,麒麟信安,22.84
2705,688006.SH,杭可科技,15.9
2710,605266.SH,健之佳,17.87
2725,603948.SH,建业股份,21.49
2727,603908.SH,牧高笛,27.97
2729,603855.SH,华荣股份,19.85
2733,603801.SH,志邦家居,19.91
2754,603387.SH,基蛋生物,21.76
2755,603338.SH,浙江鼎力,19.32
2759,603279.SH,景津装备,22.79
2762,603227.SH,雪峰科技,26.63
2768,603185.SH,弘元绿能,32.61
2771,603073.SH,彩蝶实业,16.44
2773,603060.SH,国检集团,15.2
2778,601702.SH,华峰铝业,19.38
2779,601699.SH,潞安环能,33.98
2783,601225.SH,陕西煤业,35.28
2785,601133.SH,柏诚股份,21.55
2786,601065.SH,江盐集团,22.19
2796,600790.SH,轻纺城,19.31
2807,600559.SH,老白干酒,17.47
2825,430745,诺文科技,28.1
2833,430653,同望科技,31.64
2837,430550,沃克斯,43.34
2845,430442,华昊电器,33.13
2871,430158,北方科诚,15.41
2884,400149,金泰5,47.05
2912,301429.SZ,森泰股份,15.85
2914,301357.SZ,北方长龙,22.71
2915,301338.SZ,凯格精机,16.16
2916,301337.SZ,亚华电子,23.52
2926,301203.SZ,国泰环保,29.29
2939,301060.SZ,兰卫医学,34.39
2977,300776.SZ,帝尔激光,16.63
3018,300502.SZ,新易盛,20.73
3025,300438.SZ,鹏辉能源,18.8
3050,300260.SZ,新莱应材,24.07
3065,300171.SZ,东富龙,18.11
3070,300149.SZ,睿智医药,17.52
3076,300071.SZ,福石控股,28.49
3097,002937.SZ,兴瑞科技,19.04
3106,002831.SZ,裕同科技,15.19
3113,002758.SZ,浙农股份,15.82
3114,002738.SZ,中矿资源,56.9
3126,002597.SZ,金禾实业,27.03
3132,002517.SZ,恺英网络,26.19
3145,002200.SZ,ST交投,23.61
3153,001331.SZ,胜通能源,17.63
3154,001324.SZ,长青科技,15.26
3156,001301.SZ,尚太科技,51.82
3161,000937.SZ,冀中能源,21.42
3171,000762.SZ,西藏矿业,36.8
3189,874027.BJ,永驰科技,19.06
3190,874023.BJ,传美讯,30.15
3191,874017.BJ,伟焕机械,26.3
3192,874001.BJ,北方创信,15.63
3195,873964.BJ,富瑞雪,19.81
3197,873959.BJ,迅航星辰,16.62
3198,873957.BJ,驭腾能环,52.37
3199,873956.BJ,久恒智循,29.68
3200,873951.BJ,泰禾环保,31.58
3201,873947.BJ,艾力泰尔,21.6
3203,873939.BJ,豪特曼,15.32
3204,873937.BJ,塔罗斯,27.7
3206,873931.BJ,潜阳科技,31.14
3207,873930.BJ,东明炬创,24.62
3208,873909.BJ,海多硅材,28.87
3209,873907.BJ,格瑞科技,24.58
3210,873906.BJ,智锂科技,32.55
3212,873895.BJ,格瑞迪斯,20.92
3213,873893.BJ,成记泰达,38.57
3218,873855.BJ,新富科技,17.31
3221,873811.BJ,千禧龙纤,18.95
3226,873777.BJ,红东方,80.88
3227,873757.BJ,汉和生物,18.34
3233,873684.BJ,磐石科技,15.52
3234,873683.BJ,云集数科,41.76
3237,873669.BJ,三协电机,19.25
3238,873662.BJ,和特能源,22.1
3239,873653.BJ,天和盛,31.26
3240,873644.BJ,万佳物业,29.23
3241,873640.BJ,纽科电子,45.28
3242,873636.BJ,博达软件,20.47
3244,873619.BJ,太湖文旅,32.79
3247,873573.BJ,森爱驰,37.6
3248,873570.BJ,坤博精工,26.32
3250,873549.BJ,华联医疗,21.38
3254,873517.BJ,三胜电器,45.3
3260,873491.BJ,赫岩科技,40.35
3261,873488.BJ,景灿股份,24.54
3264,873438.BJ,苏一工院,21.34
3265,873435.BJ,远航高新,24.45
3266,873429.BJ,嘉广科技,21.68
3269,873416.BJ,聚脉文化,17.76
3270,873410.BJ,生态家园,54.17
3272,873399.BJ,创匠信息,24.6
3280,873296.BJ,岐达科技,17.34
3282,873280.BJ,秦燕科技,24.66
3285,873269.BJ,赢时物业,23.86
3287,873243.BJ,黄山良业,20.6
3288,873237.BJ,ST五十弦,74.28
3291,873205.BJ,西铁电子,37.71
3297,873167.BJ,新赣江,18.14
3300,873125.BJ,山东博丽,28.89
3301,873107.BJ,海山游乐,110.54
3307,873059.BJ,莱恩光电,36.7
3316,872978.BJ,荣鑫股份,30.54
3317,872970.BJ,中科联诚,26.34
3319,872940.BJ,快乐番薯,31.9
3328,872792.BJ,西玛风机,17.71
3329,872739.BJ,蓝典科技,15.17
3346,872489.BJ,联博瑞翔,73.43
3349,872408.BJ,邦威防护,20.53
3351,872373.BJ,第一成美,23.75
3352,872351.BJ,华光源海,17.87
3354,872345.BJ,通慧科技,20.25
3356,872327.BJ,简达物流,42.72
3360,872260.BJ,百丰医药,16.49
3361,872242.BJ,新农人,20.68
3369,872153.BJ,孔凤春,19.41
3375,872109.BJ,光隆能源,124.57
3384,871951.BJ,左岸环境,26.19
3395,871803.BJ,太湖湖泊,29.66
3402,871674.BJ,德衡股份,15.66
3404,871643.BJ,祥生科技,69.87
3406,871635.BJ,中能北方,43.41
3413,871485.BJ,长安文化,15.67
3422,871324.BJ,新思备,15.59
3424,871310.BJ,汇湘轩,34.01
3426,871289.BJ,火焰山股,23.87
3427,871280.BJ,君立华域,30.43
3435,871158.BJ,东源股份,17.31
3437,871125.BJ,上洋股份,19.24
3439,871008.BJ,恒源洁具,19.83
3443,870935.BJ,爱吉仁,18.45
3445,870889.BJ,鲁班艺术,20.72
3449,870844.BJ,金浔股份,30.62
3453,870781.BJ,亿林科技,28.88
3460,870624.BJ,国瑞税务,53.82
3480,870369.BJ,交联电力,26.97
3490,870284.BJ,美厨家居,31.2
3491,870238.BJ,吉林一机,21.03
3497,870145.BJ,光博士,27.13
3502,870098.BJ,赛康医疗,24.08
3503,870073.BJ,力美照明,32.34
3519,839777.BJ,中构新材,15.56
3533,839560.BJ,中环检测,44.22
3535,839482.BJ,旭彤电子,18.51
3537,839477.BJ,迈凯诺,29.38
3541,839418.BJ,控汇股份,29.02
3543,839379.BJ,至诚融金,77.62
3546,839362.BJ,华力电气,16.08
3555,839198.BJ,联合信息,35.01
3574,838840.BJ,鑫亿软件,25.59
3575,838826.BJ,华茂林业,31.59
3583,838756.BJ,宏福孵化,155.98
3587,838691.BJ,金益环保,17.98
3594,838549.BJ,金博士,15.88
3600,838508.BJ,誉兴通,83.68
3609,838319.BJ,科思特,24.57
3620,838190.BJ,笑果科技,173.83
3624,838103.BJ,红一种业,16.86
3625,838099.BJ,日辉达,31.77
3627,838082.BJ,众加利,17.2
3631,838041.BJ,吉仕移动,51.36
3634,837983.BJ,海峡人力,25.01
3635,837982.BJ,协多利,17.25
3652,837729.BJ,湖南竹材,21.36
3653,837667.BJ,益生康健,26.16
3654,837631.BJ,拓普药业,16.22
3658,837580.BJ,锐邦传播,21.05
3660,837528.BJ,数据家,31.04
3661,837527.BJ,和田维药,27.26
3662,837525.BJ,纳兰德,16.66
3665,837455.BJ,邦盛北斗,28.84
3668,837396.BJ,昊月新材,26.8
3671,837291.BJ,汉盛海装,22.5
3673,837224.BJ,朗润智能,24.66
3674,837178.BJ,商科数控,35.43
3696,836708.BJ,中裕广恒,23.84
3697,836692.BJ,苏氧股份,15.97
3703,836605.BJ,立达股份,31.47
3714,836388.BJ,力姆泰克,23.54
3718,836274.BJ,泓杰股份,16.21
3723,836196.BJ,掌中无限,29.27
3727,836164.BJ,威利坚,18.51
3735,836098.BJ,华浩科技,106.48
3736,836090.BJ,创富港,28.96
3737,836072.BJ,夏兴科技,17.58
3749,835861.BJ,奥诺科技,29.41
3753,835850.BJ,凯欣股份,16.38
3756,835751.BJ,华天成,17.6
3759,835690.BJ,信源信息,24.41
3765,835555.BJ,森林股份,19.71
3766,835533.BJ,国信股份,19.0
3774,835450.BJ,隆源装备,26.61
3777,835374.BJ,联帮医疗,16.34
3780,835333.BJ,帕克国际,17.92
3785,835157.BJ,时讯立维,23.98
3790,835049.BJ,瀚易特,193.21
3803,834791.BJ,飞企互联,38.02
3809,834565.BJ,特美股份,49.6
3814,834424.BJ,美乐雅,126.3
3825,834221.BJ,华畅科技,22.38
3839,833962.BJ,方富创投,39.73
3845,833849.BJ,携宁科技,21.19
3851,833783.BJ,源培生物,18.61
3854,833700.BJ,阿斯克,16.9
3857,833658.BJ,铁血科技,15.14
3860,833650.BJ,美亚药业,27.35
3862,833524.BJ,光晟物联,30.72
3868,833458.BJ,悦为股份,78.49
3869,833453.BJ,永创医药,53.29
3870,833442.BJ,江苏铁科,16.81
3871,833430.BJ,八达科技,32.62
3876,833339.BJ,胜软科技,19.11
3879,833262.BJ,奥神新材,38.73
3882,833106.BJ,瑞奥电气,23.59
3894,832830.BJ,汉哲咨询,18.11
3907,832670.BJ,数亮科技,16.51
3909,832658.BJ,特别传媒,16.73
3916,832566.BJ,梓H宫,15.19
3917,832554.BJ,桑尼泰克,15.81
3937,832294.BJ,鑫乐医疗,48.13
3944,832226.BJ,新阳升,62.88
3947,832189.BJ,科瑞达,17.27
3949,832149.BJ,利尔达,15.37
3952,832114.BJ,中爆数字,18.16
3953,832100.BJ,泰利思诺,18.52
3956,832055.BJ,军工智能,17.76
3959,832041.BJ,中兴通科,18.72
3976,831834.BJ,三维股份,16.49
3978,831793.BJ,利洋水产,57.36
3982,831734.BJ,展通电信,26.75
3992,831587.BJ,万事兴,44.39
3993,831539.BJ,国网自控,16.52
3998,831414.BJ,大洋义天,15.86
4001,831390.BJ,宜都运机,25.63
4006,831348.BJ,碧松照明,47.47
4009,831325.BJ,迈奇化学,30.85
4013,831276.BJ,松科快换,16.63
4014,831259.BJ,创优股份,36.59
4017,831201.BJ,润华股份,16.94
4026,831096.BJ,物润船联,26.48
4048,830836.BJ,荆楚网,22.19
4049,830809.BJ,安达科技,46.93
4054,688690.SH,纳微科技,21.64
4058,688639.SH,华恒生物,24.12
4073,688426.SH,康为世纪,19.82
4075,688392.SH,骄成超声,15.37
4080,688348.SH,昱能科技,18.02
4087,688273.SH,麦澜德,16.79
4089,688249.SH,晶合集成,26.91
4094,688202.SH,美迪西,23.25
4095,688200.SH,华峰测控,18.47
4111,688036.SH,传音控股,16.78
4119,605365.SH,立达信,15.91
4134,603898.SH,好莱客,15.12
4137,603811.SH,诚意药业,15.66
4147,603676.SH,卫信康,15.55
4156,603519.SH,立霸股份,53.95
4162,603355.SH,莱克电气,27.42
4164,603327.SH,福蓉科技,22.23
4167,603288.SH,海天味业,25.52
4171,603198.SH,迎驾贡酒,26.38
4179,603088.SH,宁波精达,24.48
4180,603086.SH,先达股份,18.63
4182,603061.SH,金海通,30.49
4184,603018.SH,华设集团,16.63
4189,601838.SH,成都银行,19.48
4219,600285.SH,羚锐制药,19.28
4221,600233.SH,圆通速递,15.91
4223,600226.SH,ST瀚叶,17.0
4224,600225.SH,卓朗科技,18.45
4231,430732,威马股份,19.69
4237,430592,凯德股份,18.78
4251,430425,乐创技术,25.41
4255,430372,泰达新材,15.57
4263,430266,联动设计,16.19
4269,430236,美兰股份,19.57
4296,430021,海鑫科金,33.36
4303,301439.SZ,泓淋电力,20.83
4304,301378.SZ,通达海,21.53
4306,301322.SZ,绿通科技,57.71
4308,301309.SZ,万得凯,18.32
4311,301281.SZ,科源制药,19.2
4314,301238.SZ,瑞泰新材,16.78
4324,301089.SZ,拓新药业,23.23
4330,301069.SZ,凯盛新材,17.74
4335,301031.SZ,中熔电气,19.79
4338,301004.SZ,嘉益股份,37.18
4362,300863.SZ,卡倍亿,19.37
4365,300811.SZ,铂科新材,17.28
4368,300787.SZ,海能实业,22.65
4371,300777.SZ,中简科技,19.15
4389,300643.SZ,万通智控,15.01
4396,300593.SZ,新雷能,18.61
4408,300499.SZ,高澜股份,24.08
4413,300487.SZ,蓝晓科技,22.63
4421,300450.SZ,先导智能,22.55
4446,300256.SZ,ST星星,16.21
4455,300159.SZ,ST新研,47.41
4467,300015.SZ,爱尔眼科,19.16
4470,300003.SZ,乐普医疗,17.6
4473,200012,南玻B,16.78
4484,002881.SZ,美格智能,16.97
4489,002841.SZ,视源股份,20.86
4490,002810.SZ,山东赫达,20.65
4492,002768.SZ,国恩股份,17.59
4503,002603.SZ,以岭药业,23.62
4508,002508.SZ,老板电器,17.21
4514,002366.SZ,*ST海核,228.54
4522,002326.SZ,永太科技,16.01
4526,002304.SZ,洋河股份,21.03
4529,002264.SZ,新华都,16.66
4532,002128.SZ,电投能源,18.22
4539,001278.SZ,一彬科技,16.55
4541,001260.SZ,坤泰股份,16.26
4547,000723.SZ,美锦能源,16.38
4558,000012.SZ,南玻A,16.78
4561,874110.BJ,中南药包,21.93
4564,874031.BJ,翰林航宇,15.21
4565,874026.BJ,亚数智科,32.07
4567,873989.BJ,中达新材,20.33
4568,873985.BJ,久煜智能,43.28
4569,873980.BJ,美联股份,32.1
4572,873923.BJ,碧之江,16.36
4574,873900.BJ,世纪信通,50.31
4578,873878.BJ,华昌新材,16.34
4579,873876.BJ,商信政通,28.2
4580,873861.BJ,良安科技,61.26
4581,873860.BJ,格林司通,18.54
4591,873744.BJ,帕科医疗,24.57
4592,873741.BJ,豪钢重工,19.18
4599,873668.BJ,泽宇森,19.22
4600,873648.BJ,驰骋股份,27.31
4606,873581.BJ,东原科技,29.0
4611,873543.BJ,信测通信,25.17
4614,873533.BJ,荣际股份,37.34
4615,873523.BJ,银狐医疗,34.7
4618,873493.BJ,莱易信产,31.56
4620,873478.BJ,景泽环境,17.27
4627,873381.BJ,炫之彩,33.26
4634,873311.BJ,华齿口腔,35.61
4635,873295.BJ,工源环境,23.65
4643,873217.BJ,三科股份,53.39
4648,873173.BJ,康源堂,19.88
4652,873155.BJ,渝都传媒,22.6
4653,873152.BJ,天宏锂电,25.35
4655,873148.BJ,颐泰智能,50.54
4657,873139.BJ,格林斯达,75.24
4665,873058.BJ,金新城,30.46
4666,873046.BJ,繁荣电气,17.67
4670,872991.BJ,油田科技,19.61
4674,872933.BJ,正潭股份,43.15
4678,872873.BJ,国仪测控,18.61
4683,872767.BJ,雅莎股份,20.97
4684,872757.BJ,晋龙股份,20.01
4686,872742.BJ,万司股份,18.19
4687,872721.BJ,俊杰新材,18.79
4688,872711.BJ,金合科技,16.52
4690,872682.BJ,国君医疗,25.87
4693,872656.BJ,上易机械,19.73
4698,872588.BJ,宏基铝业,15.84
4703,872538.BJ,喜跃发,16.6
4707,872434.BJ,明易达,33.15
4712,872375.BJ,爱特安为,366.88
4717,872330.BJ,思伟科技,41.77
4718,872315.BJ,威骏股份,18.5
4719,872308.BJ,盛祺信息,19.91
4724,872266.BJ,百拓共享,24.96
4733,872124.BJ,智建科技,17.88
4734,872121.BJ,氟聚股份,30.43
4736,872019.BJ,唯普汽车,15.99
4742,871939.BJ,东吴电机,19.78
4746,871823.BJ,天启新材,31.91
4754,871696.BJ,安捷包装,17.76
4756,871656.BJ,远盾网络,18.66
4759,871646.BJ,航桥国际,42.38
4773,871406.BJ,商林科技,15.36
4785,871263.BJ,莱赛激光,16.14
4789,871171.BJ,金盾电子,20.21
4802,870804.BJ,科志股份,34.94
4804,870762.BJ,中明科技,22.16
4808,870711.BJ,泰莱电气,19.23
4810,870679.BJ,森源达,33.61
4812,870619.BJ,水利咨询,21.67
4814,870544.BJ,迪浪科技,17.81
4817,870529.BJ,东铭新材,25.63
4823,870452.BJ,集源液压,18.27
4834,870357.BJ,雅葆轩,35.48
4835,870309.BJ,中天新能,22.39
4844,870126.BJ,卓识网安,29.76
4849,870061.BJ,新能量,16.74
4857,839964.BJ,华绍文化,19.15
4858,839943.BJ,长风股份,16.52
4859,839939.BJ,德中技术,28.34
4871,839732.BJ,力博医药,18.1
4890,839308.BJ,嘉美斯,466.56
4893,839258.BJ,汇兴智造,44.92
4897,839173.BJ,悦诚达,27.69
4903,839037.BJ,科创融鑫,16.88
4921,838637.BJ,普利凯,69.98
4927,838484.BJ,格蕾特,16.8
4928,838481.BJ,轻叶能源,28.2
4932,838463.BJ,正信光电,20.35
4933,838457.BJ,新西南,26.38
4944,838222.BJ,合筑设计,38.46
4946,838162.BJ,祥龙科技,21.89
4955,837893.BJ,湖南煤业,52.18
4957,837819.BJ,华泰机械,22.73
4960,837704.BJ,三卓韩一,43.96
4963,837654.BJ,文昌科技,28.09
4964,837644.BJ,仙盛科技,17.3
4969,837494.BJ,好之旅,17.72
4970,837487.BJ,天创物联,15.79
4978,837368.BJ,快乐营,71.65
4981,837326.BJ,同方瑞风,30.67
4994,837074.BJ,富邦物流,26.69
4995,837072.BJ,汉亦盛,46.08
5002,836890.BJ,联源机电,18.04
5012,836746.BJ,优通科技,45.35
5016,836666.BJ,合德堂,467.51
5017,836603.BJ,统一智能,42.88
5022,836475.BJ,华士食品,40.84
5024,836378.BJ,创盛智能,19.74
5031,836291.BJ,红宇股份,37.66
5032,836217.BJ,天创微波,19.94
5034,836163.BJ,美安医药,16.07
5037,836077.BJ,吉林碳谷,53.84
5045,835764.BJ,迪生数字,32.52
5047,835702.BJ,国力通,18.45
5053,835637.BJ,林华医疗,21.81
5055,835609.BJ,港龙股份,38.24
5056,835597.BJ,防护科技,44.38
5063,835435.BJ,江苏海天,44.13
5064,835416.BJ,艾瑞德,15.6
5072,835295.BJ,联通人力,30.36
5074,835266.BJ,谷峰科技,21.04
5076,835237.BJ,力佳科技,15.37
5089,834950.BJ,迅安科技,39.52
5091,834874.BJ,谐通科技,53.95
5094,834800.BJ,海州行,76.95
5107,834372.BJ,容川机电,27.94
5111,834264.BJ,华通设备,19.81
5112,834261.BJ,一诺威,16.85
5113,834213.BJ,物管股份,16.24
5120,834081.BJ,通领科技,15.95
5122,834065.BJ,合凯电气,32.91
5127,834005.BJ,松湖股份,15.35
5133,833859.BJ,国能新材,29.99
5139,833768.BJ,上海寰创,18.7
5140,833764.BJ,斯达电气,20.24
5146,833611.BJ,镭之源,27.11
5148,833572.BJ,励福环保,26.66
5149,833571.BJ,锁龙消防,19.07
5153,833533.BJ,骏创科技,30.06
5155,833467.BJ,纳美新材,15.31
5159,833332.BJ,多尔晋泽,19.98
5161,833255.BJ,西部股份,15.9
5165,833200.BJ,宏业高科,47.31
5167,833171.BJ,国航远洋,23.72
5171,833075.BJ,柏星龙,16.66
5180,832816.BJ,索克服务,24.37
5190,832654.BJ,天宜机械,18.7
5192,832647.BJ,辽宁文投,16.33
5195,832627.BJ,锦达保税,15.18
5197,832575.BJ,云迅通,41.23
5201,832520.BJ,环申新材,22.38
5204,832476.BJ,交控生态,22.12
5209,832320.BJ,大富装饰,298.91
5215,832248.BJ,安正科技,32.73
5223,832110.BJ,雷特科技,19.22
5225,832061.BJ,贵材科技,15.04
5234,831946.BJ,名洋数字,23.95
5243,831884.BJ,成达兴,16.5
5244,831880.BJ,春旺新材,16.35
5249,831727.BJ,中钢网,23.16
5252,831664.BJ,雅达养老,33.83
5253,831662.BJ,快乐沃克,23.12
5254,831650.BJ,盛华德,25.48
5263,831401.BJ,信立方,19.43
5265,831395.BJ,智通建设,15.25
5267,831351.BJ,浙达精益,18.03
5275,831181.BJ,莱特九州,22.11
5279,831137.BJ,泰和股份,28.62
5296,688779.SH,长远锂科,20.69
5298,688625.SH,呈和科技,19.86
5299,688599.SH,天合光能,16.16
5302,688401.SH,路维光电,15.43
5305,688275.SH,万润新能,27.35
5313,688120.SH,华海清科,16.23
5314,688114.SH,华大智造,33.33
5322,605369.SH,拱东医疗,22.09
5325,605138.SH,盛泰集团,16.8
5333,603882.SH,金域医学,36.95
5334,603867.SH,新化股份,18.34
5335,603833.SH,欧派家居,17.37
5338,603599.SH,广信股份,30.7
5348,603297.SH,永新光学,17.92
5349,603281.SH,江瀚新材,55.83
5350,603236.SH,移远通信,17.98
5352,603215.SH,比依股份,21.24
5368,601100.SH,恒立液压,22.6
5381,600768.SH,宁波富邦,55.92
5382,600740.SH,山西焦化,19.44
5383,600731.SH,湖南海利,18.65
5392,600481.SH,双良节能,22.1
5395,600438.SH,通威股份,52.36
5405,600123.SH,兰花科创,22.57
5409,600089.SH,特变电工,33.1464
5420,430564,天润科技,19.22
5448,430200,时代地智,31.35
5469,301365.SZ,矩阵股份,20.72
5470,301356.SZ,天振股份,24.09
5471,301345.SZ,涛涛车业,24.35
5474,301314.SZ,科瑞思,24.75
5481,301255.SZ,通力科技,22.92
5488,301208.SZ,中亦科技,15.78
5495,301157.SZ,华塑科技,22.27
5510,301015.SZ,百洋医药,22.82
5525,300894.SZ,火星人,20.09
5527,300882.SZ,万胜智能,15.16
5528,300880.SZ,迦南智能,17.77
5532,300837.SZ,浙矿股份,16.24
5535,300815.SZ,玉禾田,15.98
5538,300803.SZ,指南针,22.69
5544,300763.SZ,锦浪科技,35.09
5559,300630.SZ,普利制药,15.62
5567,300532.SZ,今天国际,20.13
5572,300494.SZ,盛天网络,15.71
5578,300432.SZ,富临精工,16.03
5580,300426.SZ,唐德影视,27.97
5590,300338.SZ,ST开元,66.55
5597,300274.SZ,阳光电源,20.95
5614,300124.SZ,汇川技术,24.31
5615,300121.SZ,阳谷华泰,22.51
5621,300012.SZ,华测检测,18.18
5627,003011.SZ,海象新材,15.46
5631,002979.SZ,雷赛智能,19.07
5639,002825.SZ,纳尔股份,29.02
5640,002824.SZ,和胜股份,15.76
5650,002615.SZ,哈尔斯,19.21
5659,002503.SZ,*ST搜特,311.28
5671,002311.SZ,海大集团,18.46
5678,002216.SZ,三全食品,22.62
5682,002176.SZ,江特电机,74.82
5685,002125.SZ,湘潭电化,18.11
5696,001333.SZ,光华股份,18.9
5697,001323.SZ,慕思股份,19.92
5698,001311.SZ,多利科技,27.23
5699,001255.SZ,博菲电气,15.4
5700,001229.SZ,魅视科技,15.7
5701,001222.SZ,源飞宠物,20.24
5703,000983.SZ,山西焦煤,36.73
5711,000731.SZ,四川美丰,16.79
5714,000700.SZ,模塑科技,19.51
5723,000498.SZ,山东路桥,20.4
5728,874037.BJ,华翔联信,26.51
5731,873925.BJ,皓森精铸,16.15
5732,873917.BJ,朗诺股份,17.39
5734,873870.BJ,恒道医药,39.18
5735,873864.BJ,旭辉电气,18.83
5736,873840.BJ,湘江股份,25.5
5740,873692.BJ,桂林狮达,23.52
5742,873678.BJ,亿安智能,24.6
5749,873477.BJ,同方德诚,17.49
5767,873048.BJ,佳农股份,20.64
5769,872931.BJ,无锡鼎邦,26.36
5772,872869.BJ,瑞华技术,20.93
5782,872610.BJ,妙音数科,17.04
5783,872553.BJ,明和股份,28.49
5797,871992.BJ,恒康药房,29.08
5805,871740.BJ,健仕股份,19.28
5810,871564.BJ,巨成钛业,17.18
5821,870959.BJ,公正股份,48.85
5826,870629.BJ,三真康复,23.55
5830,870335.BJ,亿能科技,18.55
5831,870308.BJ,鲎生科,46.92
5838,870031.BJ,华金科技,16.2
5846,839655.BJ,威星电子,20.83
5850,839466.BJ,春水堂,22.17
5859,839180.BJ,瑞福来,25.89
5863,838998.BJ,双星种业,34.38
5866,838897.BJ,埃维股份,36.45
5868,838810.BJ,春光药装,34.87
5870,838768.BJ,牙科通,309.9
5874,838504.BJ,光环国际,20.9
5876,838458.BJ,宁波协源,24.81
5881,838161.BJ,易通股份,36.1
5885,837936.BJ,新乡滤器,40.76
5889,837576.BJ,吉山会津,17.59
5906,836414.BJ,欧普泰,19.72
5908,836332.BJ,千年传说,55.09
5917,835940.BJ,瑞济生物,22.08
5920,835708.BJ,蓝能科技,28.43
5925,835368.BJ,连城数控,16.58
5932,835011.BJ,麦迪制冷,22.08
5935,834972.BJ,英冠陶瓷,33.46
5940,834812.BJ,圣士达,27.76
5946,834503.BJ,西盈科技,34.44
5961,833821.BJ,浦江股份,26.84
5963,833765.BJ,爱扑网络,17.88
5966,833653.BJ,凯东源,15.93
5973,833318.BJ,图敏视频,18.39
5980,833072.BJ,大江传媒,16.23
5984,832915.BJ,汉尧碳科,38.63
5987,832863.BJ,军M科技,24.15
5988,832836.BJ,银钢一通,19.78
5989,832834.BJ,吉泰新材,17.35
6005,832093.BJ,科伦股份,21.38
6009,831991.BJ,聚彩科技,48.93
6011,831906.BJ,舜宇精工,16.01
6017,831657.BJ,贝克福尔,21.39
6023,831304.BJ,迪尔化工,30.95
6027,831255.BJ,佳和电气,28.37
6030,831184.BJ,强盛股份,17.99
6037,831054.BJ,巴陵节能,17.65
6048,603757.SH,大元泵业,18.94
6052,430685,新芝生物,15.18
6057,430429,星业科技,18.23
6063,430148,科能腾达,18.97
6067,301419.SZ,阿莱德,20.34
6070,301360.SZ,荣旗科技,33.21
6072,301303.SZ,真兰仪表,24.07
6073,301278.SZ,快可电子,19.29
6074,301276.SZ,嘉曼服饰,16.0
6075,301267.SZ,华厦眼科,20.07
6082,301191.SZ,菲菱科思,17.53
6094,300994.SZ,久祺股份,15.38
6110,300638.SZ,广和通,16.44
6134,300029.SZ,ST天龙,54.33
6142,000885.SZ,城发环境,17.35
6145,688778.SH,厦钨新能,20.88
6159,605499.SH,东鹏饮料,31.65
6165,603920.SH,世运电路,15.12
6170,603699.SH,纽威股份,15.09
6174,603568.SH,伟明环保,19.45
6180,603235.SH,天新药业,21.78
6185,603057.SH,紫燕食品,15.02
6197,600901.SH,江苏金租,15.89
6212,600549.SH,厦门钨业,15.04
6216,600378.SH,昊华科技,15.16
6228,600111.SH,北方稀土,34.02
6234,301216.SZ,万凯新材,21.67
6244,300979.SZ,华利集团,27.25
6249,300873.SZ,海晨股份,16.39
6250,300861.SZ,美畅股份,32.58
6252,300833.SZ,浩洋股份,17.81
6255,300770.SZ,新媒股份,21.36
6262,300661.SZ,圣邦股份,29.95
6267,300628.SZ,亿联网络,30.9
6274,300507.SZ,苏奥传感,15.72
6277,300442.SZ,润泽科技,38.8
6283,300360.SZ,炬华科技,16.65
6285,300343.SZ,联创股份,55.99
6319,002885.SZ,京泉华,16.1
6337,002222.SZ,福晶科技,17.4
6348,002011.SZ,盾安环境,37.93
6352,000906.SZ,浙商中拓,24.48
6361,900945,海控B股,3039.37
6363,874000.BJ,南天智联,27.0
6367,873920.BJ,睿鸿网络,38.72
6369,873859.BJ,长虹格润,15.48
6373,873790.BJ,万邦石油,15.17
6379,873702.BJ,世昌股份,17.35
6381,873689.BJ,讯方技术,26.59
6382,873658.BJ,森创服装,25.91
6384,873626.BJ,启源软件,25.87
6386,873595.BJ,中联科技,37.08
6388,873561.BJ,瑞达股份,16.39
6391,873540.BJ,进源热能,17.753
6394,873481.BJ,相城检测,19.2
6400,873407.BJ,金晟元,21.52
6401,873343.BJ,汉森机械,22.29
6409,873233.BJ,睿高股份,20.51
6411,873128.BJ,正业电子,43.53
6413,873069.BJ,天朗节能,24.31
6419,872861.BJ,文祥渔业,32.77
6422,872813.BJ,万方人才,38.44
6424,872715.BJ,大正仪表,20.39
6425,872696.BJ,绿友农,24.26
6427,872655.BJ,正明环保,20.23
6432,872559.BJ,长河科技,24.85
6439,872420.BJ,新丰小吃,32.99
6443,872307.BJ,创举科技,20.5
6450,872188.BJ,优天下,37.56
6451,872180.BJ,英华融泰,31.3
6452,872170.BJ,盛达科技,20.8
6453,872166.BJ,新烽光电,34.05
6458,872058.BJ,鼎运智能,30.93
6462,871783.BJ,新联股份,24.37
6470,871501.BJ,麦斯特,29.26
6476,871314.BJ,世环新材,44.34
6478,871076.BJ,同济建管,42.59
6496,870231.BJ,源悦汽车,20.18
6497,870220.BJ,恒基永昕,30.65
6499,870195.BJ,行言科技,40.02
6505,870044.BJ,风控工程,23.33
6513,839821.BJ,铭博股份,25.44
6515,839754.BJ,轶峰新材,29.72
6521,839599.BJ,前瞻资讯,31.38
6525,839545.BJ,特斯特,30.81
6527,839517.BJ,至胜科技,191.33
6529,839472.BJ,亮威科技,56.44
6532,839416.BJ,康鸿智能,50.46
6534,839387.BJ,悠度股份,18.72
6540,839189.BJ,兰花纳米,25.32
6556,838392.BJ,利尔康,17.37
6558,838366.BJ,盈联科技,16.01
6561,838335.BJ,上海领灿,15.13
6564,838197.BJ,赢冠口腔,20.97
6566,838095.BJ,大涵文化,22.87
6567,838036.BJ,美奥种业,23.34
6570,838017.BJ,今奥科技,25.27
6571,837995.BJ,华亨股份,16.45
6582,837641.BJ,新业电子,16.12
6583,837633.BJ,晨达股份,35.52
6585,837581.BJ,川力科技,21.12
6588,837378.BJ,孙桥溢佳,18.03
6590,837340.BJ,帝源新材,18.88
6593,837263.BJ,和伍精密,17.07
6596,837070.BJ,凯凯金服,24.88
6599,837021.BJ,大舟网络,33.82
6600,836978.BJ,同人泰,23.01
6602,836967.BJ,爱去欧,17.08
6603,836946.BJ,高服股份,20.14
6612,836508.BJ,泉舜纸塑,17.12
6614,836450.BJ,辅正药业,15.67
6615,836384.BJ,瑞真精机,34.06
6619,836270.BJ,天铭科技,18.6
6623,836029.BJ,创锐装备,38.37
6626,835924.BJ,柠檬网联,28.63
6628,835899.BJ,利泰健康,31.91
6638,835473.BJ,彦林科技,18.06
6650,834915.BJ,津同仁堂,31.55
6655,834743.BJ,迈新科技,32.83
6659,834607.BJ,祥云股份,18.74
6660,834596.BJ,拜特科技,17.04
6666,834407.BJ,驰诚股份,15.32
6671,834104.BJ,海航期货,43.25
6681,833781.BJ,瑞奇智造,29.17
6682,833727.BJ,兆晟科技,21.69
6683,833713.BJ,立德电子,27.54
6717,832326.BJ,华清安泰,27.92
6725,832058.BJ,东联科技,40.69
6731,831897.BJ,远大信息,15.5
6735,831798.BJ,博益气动,19.94
6739,831724.BJ,信而泰,21.17
6743,831660.BJ,富深协通,40.0
6748,831515.BJ,威和光电,32.88
6764,831101.BJ,奥维云网,19.37
6784,688677.SH,海泰新光,15.86
6787,688598.SH,金博股份,15.49
6788,688552.SH,航天南湖,17.62
6789,688518.SH,联赢激光,16.14
6797,688372.SH,伟测科技,19.83
6802,688317.SH,之江生物,19.0
6812,688143.SH,长盈通,16.17
6814,688116.SH,天奈科技,18.71
6819,605259.SH,绿田机械,15.2
6833,603658.SH,安图生物,15.57
6836,603605.SH,珀莱雅,25.95
6838,603551.SH,奥普家居,15.55
6839,603505.SH,金石资源,17.24
6840,603489.SH,八方股份,18.51
6845,603280.SH,南方路机,18.95
6846,603260.SH,合盛硅业,23.63
6855,603025.SH,大豪科技,22.78
6867,600867.SH,通化东宝,24.52
6873,600755.SH,厦门国贸,15.35
6888,600251.SH,冠农股份,16.04
6889,600221.SH,海航控股,3039.37
6892,600160.SH,巨化股份,16.57
6910,430510,丰光精密,20.53
6915,430472,安泰得,19.03
6922,430368,明波通信,27.61
6929,430238,普华科技,15.92
6933,430028,京鹏科技,88.71
6937,301382.SZ,蜂助手,21.67
6942,301307.SZ,美利信,15.57
6956,300982.SZ,苏文电能,16.4
6962,300911.SZ,亿田智能,16.57
6971,300775.SZ,三角防务,22.71
6978,300612.SZ,宣亚国际,16.53
6980,300604.SZ,长川科技,22.79
6989,300394.SZ,天孚通信,16.3
6990,300357.SZ,我武生物,18.77
6999,300179.SZ,四方达,15.22
7004,002932.SZ,明德生物,87.36
7015,002677.SZ,浙江美大,23.52
7018,002557.SZ,洽洽食品,19.57
7022,002384.SZ,东山精密,15.33
7023,002372.SZ,伟星新材,25.84
7024,002353.SZ,杰瑞股份,15.05
7030,002175.SZ,东方智造,27.6
7035,002006.SZ,精工科技,24.36
7036,002001.SZ,新和成,16.08
7037,001380.SZ,华纬科技,22.02
7043,000830.SZ,鲁西化工,17.83
7050,874057.BJ,迪亚环境,45.24
7055,874003.BJ,瑞能智慧,65.3
7056,873995.BJ,海纳股份,19.72
7057,873967.BJ,柏维力,51.9
7062,873912.BJ,金广恒,17.17
7063,873879.BJ,开发科技,18.51
7064,873877.BJ,俊朗股份,37.22
7066,873836.BJ,鸿星科技,20.37
7067,873829.BJ,吧哒科技,16.32
7068,873823.BJ,尚洋科技,20.21
7069,873821.BJ,祥瑞生物,24.52
7070,873810.BJ,台谊消防,17.41
7073,873778.BJ,华亿创新,72.88
7077,873751.BJ,知鱼智联,37.15
7086,873650.BJ,腾升科技,20.13
7090,873627.BJ,西安瑞霖,25.78
7093,873608.BJ,源茂股份,16.54
7099,873559.BJ,达民股份,69.51
7100,873530.BJ,佰能盈天,28.05
7104,873515.BJ,昊升电机,21.84
7107,873476.BJ,网智德实,60.48
7109,873459.BJ,鼎丰股份,26.34
7111,873393.BJ,捷创新材,24.89
7114,873283.BJ,太速科技,25.34
7118,873219.BJ,花巷股份,26.53
7122,873110.BJ,山安蓝天,17.59
7125,872987.BJ,山香教育,26.23
7127,872953.BJ,国子软件,27.84
7128,872928.BJ,恒友股份,30.56
7132,872823.BJ,方天软件,26.16
7136,872760.BJ,爱迪滚塑,26.88
7142,872685.BJ,康乾大成,22.01
7144,872623.BJ,萌帮股份,20.18
7150,872522.BJ,腾飞人才,27.75
7153,872504.BJ,新日月,32.81
7154,872423.BJ,百达智能,23.7
7155,872400.BJ,爱维尔,15.05
7163,872204.BJ,博可生物,20.24
7174,871894.BJ,星海电子,17.75
7175,871883.BJ,中源九峰,17.83
7183,871751.BJ,宝骅股份,17.81
7190,871478.BJ,巨能股份,30.94
7191,871469.BJ,铭汉股份,16.36
7193,871444.BJ,德全药品,15.48
7199,871064.BJ,科瑞变流,23.43
7204,870764.BJ,速搜物流,25.43
7206,870654.BJ,光大环保,22.89
7212,870480.BJ,华康生物,21.46
7219,870386.BJ,宏银信息,52.3
7220,870364.BJ,云峰科技,20.83
7224,870264.BJ,奥瑞拓,19.68
7225,870253.BJ,鹏源药业,24.97
7229,870058.BJ,科宇股份,15.08
7230,839980.BJ,锐网科技,27.14
7235,839871.BJ,大德传媒,35.29
7238,839621.BJ,比例聚合,40.91
7243,839365.BJ,数尔安防,42.11
7246,839295.BJ,金百汇,18.24
7249,839226.BJ,长陆工控,18.77
7250,839156.BJ,元泰智能,20.93
7256,838834.BJ,创四方,18.27
7260,838587.BJ,泽鑫科技,37.47
7268,838264.BJ,天翔新材,18.72
7273,838042.BJ,中经世纪,18.55
7276,837988.BJ,兆光科技,79.86
7278,837952.BJ,鑫紫竹,26.08
7281,837918.BJ,力力惠,18.09
7284,837869.BJ,太昌电子,17.89
7285,837863.BJ,夜郎厨坊,15.87
7288,837779.BJ,金信德,22.55
7293,837695.BJ,航天汇智,22.85
7294,837694.BJ,太和华美,244.5
7305,837256.BJ,兴光可可,15.96
7306,837227.BJ,集恩图造,17.97
7308,837217.BJ,江南传媒,17.85
7314,836994.BJ,万邦科技,17.52
7315,836935.BJ,小棉袄,36.57
7321,836772.BJ,华宇教育,143.51
7322,836770.BJ,创洁工贸,21.93
7325,836641.BJ,奇华光电,24.27
7326,836617.BJ,软岛科技,35.21
7332,836381.BJ,宝信咨询,15.22
7349,835859.BJ,景鸿物流,21.36
7351,835812.BJ,盛迪科技,18.34
7362,835322.BJ,华创股份,24.44
7363,835319.BJ,康安租赁,17.36
7369,835101.BJ,快拍物联,62.26
7370,835091.BJ,沃科合众,65.3
7379,834843.BJ,明昊科技,23.14
7381,834781.BJ,新生活,19.66
7402,834290.BJ,培诺股份,15.77
7404,834205.BJ,东方红,33.34
7405,834170.BJ,汉德股份,36.82
7408,834105.BJ,申江万国,21.89
7410,834058.BJ,华洋赛车,51.39
7412,834014.BJ,特瑞斯,15.3
7414,833976.BJ,新游网络,41.41
7419,833689.BJ,架桥资本,17.35
7421,833649.BJ,宝美户外,35.7
7435,833381.BJ,宏安翔,23.65
7436,833265.BJ,润杰农科,20.59
7445,833112.BJ,海宏电力,33.08
7449,832958.BJ,艾芬达,23.13
7460,832603.BJ,懿姿股份,30.84
7468,832391.BJ,润达光伏,23.91
7475,832175.BJ,东方碳素,26.39
7481,831951.BJ,美麟文化,22.75
7494,831736.BJ,利源捷能,24.74
7500,831554.BJ,智博联,21.68
7506,831318.BJ,信易科技,33.37
7514,831151.BJ,全胜物流,24.42
7515,831121.BJ,力久电机,38.0
7518,831087.BJ,秋乐种业,20.35
7534,830768.BJ,耀通科技,55.11
7537,688665.SH,四方光电,17.09
7539,688503.SH,聚和材料,27.33
7559,688146.SH,中船特气,18.26
7577,603619.SH,中曼石油,22.94
7583,603213.SH,镇洋发展,23.3
7585,603173.SH,福斯达,25.52
7588,603065.SH,宿迁联盛,16.35
7590,603002.SH,宏昌电子,24.99
7603,600395.SH,盘江股份,22.225
7606,600319.SH,亚星化学,26.55
7615,430658,舜网传媒,22.42
7625,430525,英诺尔,17.98
7630,430423,宁变科技,15.31
7635,430326,希文科技,23.26
7642,430172,瑞达恩,18.62
7646,430119,鸿仪四方,16.9
7673,300951.SZ,博硕科技,17.69
7679,300856.SZ,科思股份,21.99
7695,300395.SZ,菲利华,17.91
7714,002878.SZ,元隆雅图,17.84
7715,002829.SZ,星网宇达,17.99
7745,001223.SZ,欧克科技,27.4
7750,000848.SZ,承德露露,23.7
7762,874048.BJ,盈浩文创,21.56
7764,873773.BJ,昶辉生物,18.25
7765,873717.BJ,品瑶股份,47.6
7768,873590.BJ,亿利华,31.4
7770,873510.BJ,三新股份,19.05
7771,873447.BJ,四菱电子,21.27
7773,873402.BJ,优联智能,45.29
7774,873363.BJ,鑫泰新材,18.27
7775,873329.BJ,嘉邻物业,16.94
7778,872996.BJ,瑞森光学,30.63
7783,872728.BJ,西屋电气,24.46
7786,872638.BJ,亮星股份,22.03
7789,872565.BJ,怡申股份,19.29
7790,872549.BJ,绿排┛,15.35
7796,871781.BJ,美嘉林,21.35
7797,871653.BJ,德融嘉信,45.42
7802,871340.BJ,钒宇新材,21.16
7803,871200.BJ,明德圣贤,49.33
7804,871124.BJ,德元数字,20.95
7811,870600.BJ,振强科技,33.92
7814,870319.BJ,鼎信通达,23.18
7818,839953.BJ,圣火科技,29.67
7822,839833.BJ,赤马传媒,17.45
7823,839755.BJ,恒丰泰,25.01
7824,839609.BJ,雷悦重工,57.21
7829,839153.BJ,希尔孚,17.75
7832,838811.BJ,瀚正科技,31.15
7836,838251.BJ,千想传媒,28.58
7840,837561.BJ,汉瑞森,17.06
7841,837351.BJ,新申新材,34.95
7845,836984.BJ,翔博科技,21.52
7846,836742.BJ,大地测绘,15.43
7847,836521.BJ,商客通,81.19
7850,836439.BJ,聚能纳米,23.36
7852,836284.BJ,欧菲特,18.5
7857,835808.BJ,星成电子,25.73
7863,835500.BJ,百丞税务,82.19
7864,835471.BJ,呈天网络,21.88
7873,834764.BJ,巨龙硅钢,26.03
7881,833991.BJ,趋势传媒,28.28
7885,833669.BJ,携泰健康,34.46
7886,833636.BJ,ST邦瑞达,166.82
7887,833455.BJ,汇隆活塞,18.54
7891,833243.BJ,龙辰科技,24.17
7900,832765.BJ,唐邦科技,210.42
7903,832676.BJ,先路医药,79.88
7911,832126.BJ,康乐药业,28.48
7913,832038.BJ,宁夏新龙,15.04
7927,831177.BJ,深冷能源,31.8
7928,831081.BJ,西驰电气,15.74
7933,688668.SH,鼎通科技,19.65
7935,688479.SH,友车科技,17.56
7939,688289.SH,圣湘生物,27.29
7942,605399.SH,晨光新材,33.55
7945,603970.SH,中农立华,16.91
7946,603896.SH,寿仙谷,16.07
7949,603298.SH,杭叉集团,16.7
7971,301390.SZ,经纬股份,20.5
7972,301212.SZ,联盛化学,18.47
7977,300916.SZ,朗特智能,17.21
7979,300866.SZ,安克创新,17.81
7981,300855.SZ,图南股份,18.76
7983,300772.SZ,运达股份,19.29
7989,300101.SZ,振芯科技,21.83
7994,300039.SZ,上海凯宝,20.69
8013,874047.BJ,交大铁发,25.97
8015,874035.BJ,成都炭材,35.08
8017,873919.BJ,天演维真,36.73
8019,873820.BJ,台州农资,17.6
8025,873629.BJ,力得尔,33.7
8028,873461.BJ,迈威通信,35.53
8041,873026.BJ,畅越飞平,21.51
8042,873005.BJ,永通生态,21.9
8043,872982.BJ,雅德科技,30.3
8044,872968.BJ,德瑞斯,40.44
8045,872963.BJ,永成股份,31.83
8049,872801.BJ,智明星通,31.71
8050,872733.BJ,育达医疗,92.26
8052,872585.BJ,尚禹科技,15.35
8054,872544.BJ,创业测绘,19.95
8057,872419.BJ,罗特钢带,32.93
8058,872405.BJ,景升股份,47.51
8059,872339.BJ,光锐通信,17.93
8064,871994.BJ,肯特智能,31.75
8075,871323.BJ,千年工艺,23.78
8076,871278.BJ,绿石碳,18.05
8078,871231.BJ,中科亚创,34.97
8079,871229.BJ,合力创新,16.97
8080,871169.BJ,蓝耘科技,30.39
8089,870550.BJ,美核电气,18.97
8090,870539.BJ,天利智能,28.27
8108,839513.BJ,信邦科技,150.94
8109,839509.BJ,瞳景物联,33.33
8110,839447.BJ,尊优股份,20.65
8113,839239.BJ,集华股份,17.32
8117,839137.BJ,金禾软件,26.1
8118,839133.BJ,淳博传播,17.17
8126,838878.BJ,诺安智能,18.94
8133,838374.BJ,国广联,17.48
8135,838324.BJ,广尔数码,18.64
8137,838174.BJ,诚骏科技,16.73
8142,837997.BJ,世昕股份,33.82
8145,837868.BJ,同创双子,18.17
8146,837733.BJ,香江印制,29.54
8159,837232.BJ,恒展远东,18.77
8160,837225.BJ,天泽物网,28.81
8161,837148.BJ,博威电气,15.48
8163,837052.BJ,京融教育,35.59
8165,836699.BJ,海达尔,33.67
8170,836392.BJ,博为峰,43.3
8172,836221.BJ,易实精密,20.96
8173,836208.BJ,青矩技术,30.88
8175,836073.BJ,时代正邦,47.09
8179,835636.BJ,骏马科技,19.85
8185,835191.BJ,东方网升,38.26
8192,834948.BJ,晨泰科技,16.06
8197,834599.BJ,同力股份,24.6
8199,834552.BJ,斯巴克瑞,48.23
8203,834329.BJ,博洋股份,24.47
8204,834300.BJ,合泰电机,15.52
8209,833509.BJ,同惠电子,17.99
8212,833356.BJ,瑞虹股份,28.19
8214,833168.BJ,海润传播,37.42
8221,832789.BJ,诚栋营地,20.55
8224,832702.BJ,九通水务,15.59
8227,832673.BJ,中香农科,16.03
8230,832522.BJ,纳科诺尔,44.3
8232,832441.BJ,合兴铁链,24.91
8236,832327.BJ,海颐软件,18.0
8251,831469.BJ,金磊建材,18.07
8259,831254.BJ,平方科技,19.17
8262,831179.BJ,奥杰科技,21.2
8265,831003.BJ,金大股份,322.6
8268,830829.BJ,华精新材,18.17
8271,688698.SH,伟创电气,15.18
8278,688201.SH,信安世纪,15.88
8287,605117.SH,德业股份,45.5
8290,605006.SH,山东玻纤,20.4
8291,603968.SH,醋化股份,20.68
8297,603611.SH,诺力股份,18.21
8301,603299.SH,苏盐井神,17.06
8302,603217.SH,元利科技,16.62
8304,603182.SH,嘉华股份,18.42
8308,603137.SH,恒尚节能,23.74
8309,603130.SH,云中马,16.25
8310,603071.SH,物产环能,25.39
8318,601689.SH,拓普集团,15.02
8321,601089.SH,福元医药,20.25
8325,600760.SH,中航沈飞,18.35
8335,600389.SH,江山股份,60.85
8336,600179.SH,安通控股,26.9
8344,430547,畅想高科,25.64
8345,430516,文达通,26.65
8352,430341,呈创科技,50.3
8354,430288,泓淇科技,38.47
8363,301373.SZ,凌玮科技,15.91
8364,301363.SZ,美好医疗,21.16
8366,301325.SZ,曼恩斯特,46.91
8380,300839.SZ,博汇股份,16.35
8386,300627.SZ,华测导航,15.3
8403,300014.SZ,亿纬锂能,17.46
8406,003020.SZ,立方制药,15.13
8439,001314.SZ,亿道信息,24.44
8444,000902.SZ,新洋丰,15.52
8461,873649.BJ,信泰航空,23.0
8462,873638.BJ,隆基仪表,29.6
8467,873437.BJ,天一恩华,63.73
8469,873232.BJ,百诺环境,20.57
8471,873095.BJ,鼎信数智,33.68
8473,873027.BJ,华夏高科,18.98
8478,872840.BJ,泰和食品,40.38
8479,872808.BJ,曙光数创,38.61
8480,872806.BJ,核力欣健,17.04
8482,872621.BJ,东宇电气,39.58
8485,872416.BJ,兴艺印刷,23.48
8494,871136.BJ,利达环保,18.28
8504,839792.BJ,东和新材,15.99
8506,839719.BJ,宁新新材,17.03
8508,838970.BJ,博导股份,37.64
8512,837701.BJ,融成智造,31.43
8513,837663.BJ,明阳科技,29.23
8522,835311.BJ,华瑞信息,23.44
8528,834684.BJ,聚合科技,15.34
8531,833801.BJ,金信瑞通,21.13
8535,832982.BJ,锦波生物,28.31
8545,831658.BJ,华升泵阀,17.73
8551,830927.BJ,ST兆久成,44.36
8553,830846.BJ,格林检测,18.73
8555,688539.SH,高华科技,16.04
8558,603871.SH,嘉友国际,19.58
8569,301387.SZ,光大同创,21.86
8570,300475.SZ,香农芯创,18.03
8580,001228.SZ,永泰运,22.67
8581,000878.SZ,云南铜业,17.61
8586,900936,鄂资B股,24.28
8589,688697.SH,纽威数控,19.7
8595,688475.SH,萤石网络,20.22
8597,688239.SH,航宇科技,16.01
8610,603529.SH,爱玛科技,31.15
8611,603439.SH,贵州三力,17.74
8612,603307.SH,扬州金泉,40.38
8615,603095.SH,越剑智能,18.96
8631,600654.SH,*ST中安,20.84
8638,600499.SH,科达制造,46.73
8641,600436.SH,片仔癀,23.5
8643,600348.SH,华阳股份,31.36
8644,600331.SH,宏达股份,15.82
8646,600295.SH,鄂尔多斯,24.28
8650,600096.SH,云天化,45.3
8654,301377.SZ,鼎泰高科,19.93
8659,300996.SZ,普联软件,16.17
8663,300705.SZ,九典制药,18.6
8665,300685.SZ,艾德生物,18.42
8666,300639.SZ,凯普生物,42.35
8669,300613.SZ,富瀚微,19.86
8674,300415.SZ,伊之密,17.94
8689,002850.SZ,科达利,17.61
8690,002847.SZ,盐津铺子,30.65
8698,002415.SZ,海康威视,19.62
8708,002141.SZ,贤丰控股,25.26
8709,002130.SZ,沃尔核材,15.08
8724,000422.SZ,湖北宜化,60.82
8731,873975.BJ,三友新材,39.97
8736,873664.BJ,科拜尔,23.05
8738,873126.BJ,智信恒瑞,93.36
8745,872477.BJ,龙成消防,19.27
8754,871481.BJ,中运科技,16.22
8756,871174.BJ,正荣网际,35.77
8760,870669.BJ,普瑾特,22.47
8767,839915.BJ,倚天软件,27.95
8768,839640.BJ,得奇环保,26.12
8773,839067.BJ,集媒互动,30.16
8780,838262.BJ,太湖雪,16.35
8785,836660.BJ,钢研功能,16.46
8786,836649.BJ,大佛药业,29.62
8792,835185.BJ,贝特瑞,26.89
8795,834489.BJ,安瑞升,39.16
8798,834037.BJ,龙盛世纪,19.93
8800,833767.BJ,五轮科技,114.8
8802,833609.BJ,乐通通信,33.0
8803,833574.BJ,爱知之星,33.14
8812,831992.BJ,嘉得力,29.37
8814,831707.BJ,绿岛生态,25.08
8818,831474.BJ,上海科特,26.87
8832,688123.SH,聚辰股份,20.57
8836,603927.SH,中科软,23.93
8846,600256.SH,广汇能源,45.05
8850,430515,麟龙股份,16.26
8851,430478,P一药业,19.83
8861,300596.SZ,利安隆,16.29
8878,000090.SZ,天健集团,17.95
8892,872240.BJ,富连京,22.56
8900,870559.BJ,天鉴检测,22.85
8901,870358.BJ,安达农森,31.25
8902,870316.BJ,明大科技,20.12
8908,838949.BJ,恒远药业,17.2
8910,838479.BJ,莱宝电力,18.01
8914,838150.BJ,历康科技,34.89
8922,836797.BJ,东风机电,18.49
8924,836452.BJ,四方博瑞,62.34
8930,834643.BJ,ST豹风,28.07
8933,834196.BJ,大娱号,28.02
8936,833230.BJ,欧康医药,18.86
8937,833041.BJ,网信安全,17.38
8941,832315.BJ,君和环保,25.78
8959,688099.SH,晶晨股份,16.65
8978,301358.SZ,湖南裕能,71.42
8982,300244.SZ,迪安诊断,21.73
9000,873805.BJ,双达股份,20.81
9003,873585.BJ,华新玻璃,60.79
9006,873339.BJ,恒太照明,34.01
9010,872857.BJ,时刻互动,40.28
9013,872698.BJ,恒业国际,16.19
9017,872318.BJ,久信信息,41.81
9019,872289.BJ,鸿途信达,21.39
9022,872022.BJ,味正品康,31.98
9023,871827.BJ,万杰科技,30.25
9024,871672.BJ,新亚胜,29.36
9027,871403.BJ,太湖云,17.82
9028,871365.BJ,北创光电,23.13
9029,871312.BJ,新剑传动,16.17
9031,871274.BJ,硅普搪瓷,42.78
9034,871048.BJ,先正电子,21.07
9035,871047.BJ,中卓智能,30.31
9040,870840.BJ,鼎欣科技,19.23
9044,870623.BJ,凤阳矿业,36.08
9045,870221.BJ,申朴信息,28.51
9053,839593.BJ,京瑞电气,19.98
9054,839589.BJ,百澳股份,20.17
9055,839497.BJ,绛门科技,34.32
9056,839356.BJ,环台精密,30.28
9057,839201.BJ,天昱园,16.6
9072,837566.BJ,中固建科,22.05
9074,837530.BJ,格力物业,22.38
9081,836371.BJ,祥源科技,35.66
9084,835960.BJ,九易庄宸,24.08
9087,835536.BJ,正通电子,40.81
9090,835169.BJ,新华物流,255.23
9102,833569.BJ,蓝擎股份,84.64
9103,833301.BJ,亚迪纳,41.79
9105,833105.BJ,华通科技,19.2
9114,831865.BJ,凯瑞电气,15.19
9119,830995.BJ,九洲光电,35.51
9122,688439.SH,振华风光,16.32
9127,688063.SH,派能科技,34.97
9128,688019.SH,安集科技,22.2
9131,605168.SH,三人行,32.3
9139,603181.SH,皇马科技,19.73
9141,603129.SH,春风动力,17.93
9145,601339.SH,百隆东方,16.41
9152,600710.SH,苏美达,15.37
9159,430748,恒均科技,16.16
9160,430667,三多堂,21.08
9164,430204,石竹科技,22.24
9170,301099.SZ,雅创电子,16.92
9172,300820.SZ,英杰电气,25.25
9193,002819.SZ,东方中科,20.79
9195,002737.SZ,葵花药业,21.98
9207,001366.SZ,播恩集团,16.0
9208,001322.SZ,箭牌家居,17.1
9222,874095.BJ,圣泰材料,72.01
9224,873875.BJ,北辰科技,29.27
9226,873750.BJ,斯贝科技,31.16
9230,873419.BJ,纽时达,21.81
9232,873338.BJ,智乐星,26.44
9234,873208.BJ,新桥信通,56.76
9243,871108.BJ,春晖仪表,33.78
9244,870968.BJ,开心文化,47.01
9251,836459.BJ,赛威客,31.88
9256,834667.BJ,安特源,59.36
9261,833186.BJ,宏远电器,19.09
9265,832264.BJ,普克科技,16.52
9267,831555.BJ,天乐橡塑,21.35
9271,688800.SH,瑞可达,19.88
9272,688768.SH,容知日新,16.72
9273,688486.SH,龙迅股份,24.21
9280,603565.SH,中谷物流,28.36
9281,603290.SH,斯达半导,15.3
9282,603201.SH,常润股份,19.23
9284,603170.SH,宝立食品,24.44
9286,603032.SH,德新科技,18.4
9288,601156.SH,东航物流,29.91
9292,600609.SH,金杯汽车,17.52
9301,301408.SZ,华人健康,18.54
9303,301195.SZ,北路智控,16.58
9307,300997.SZ,欢乐家,15.82
9308,300969.SZ,恒帅股份,17.14
9310,300653.SZ,正海生物,19.58
9313,300341.SZ,麦克奥迪,18.59
9316,300196.SZ,长海股份,21.13
9321,002884.SZ,凌霄泵业,19.65
9322,002843.SZ,泰嘉股份,20.38
9324,002709.SZ,天赐材料,59.42
9325,002518.SZ,科士达,19.94
9337,001332.SZ,锡装股份,16.88
9344,874028.BJ,道达天际,31.28
9345,873973.BJ,碧盾科技,27.41
9346,873953.BJ,伊宝馨,20.48
9349,873871.BJ,斯普兰蒂,26.38
9351,873789.BJ,腾茂科技,19.02
9352,873735.BJ,弘森药业,54.88
9354,873679.BJ,前进科技,17.22
9355,873642.BJ,牦牛控股,15.25
9356,873621.BJ,创元数码,17.77
9357,873601.BJ,瓯宝股份,16.9
9358,873554.BJ,赛康智能,23.66
9367,872784.BJ,九喜股份,23.39
9369,872393.BJ,迪富电子,28.95
9379,871097.BJ,三合股份,22.23
9382,870802.BJ,多立恒,46.59
9384,870697.BJ,银丰园林,19.44
9385,870620.BJ,科域生物,34.24
9390,838381.BJ,德孚转向,21.46
9394,838171.BJ,邦德股份,22.11
9395,838129.BJ,同步新科,48.4
9397,837656.BJ,瑞宝股份,15.53
9399,837312.BJ,爱上网,21.65
9402,836179.BJ,国天电子,26.81
9403,836139.BJ,高新利华,41.07
9404,836050.BJ,深蓝股份,29.26
9406,835372.BJ,三扬轴业,15.72
9414,833707.BJ,精华股份,15.03
9418,833334.BJ,摩尔股份,16.64
9419,833070.BJ,三耐环保,41.8
9423,832723.BJ,五角阻尼,34.27
9424,832662.BJ,方盛股份,21.69
9430,832225.BJ,利通科技,18.99
9432,832064.BJ,同里印刷,29.27
9434,831720.BJ,诚赢股份,24.2
9440,831006.BJ,久易股份,54.1
9441,830996.BJ,汇能精电,15.55
9442,830921.BJ,海阳股份,23.53
9449,600566.SH,济川药业,21.91
9457,301312.SZ,智立方,17.35
9461,300073.SZ,当升科技,21.61
9462,002986.SZ,宇新股份,19.19
9464,002572.SZ,索菲亚,18.22
9471,688700.SH,东威科技,25.55
9481,603163.SH,圣晖集成,21.19
9484,603027.SH,千禾味业,15.54
9492,600729.SH,重庆百货,17.25
9496,600361.SH,创新新材,19.63
9505,300452.SZ,山河药辅,19.39
9512,002539.SZ,云图控股,29.87
9516,002182.SZ,云海金属,16.74
9531,873987.BJ,艾麒信息,17.49
9533,873896.BJ,海金格,26.92
9534,873867.BJ,长江能科,18.79
9536,873300.BJ,英辰科技,52.56
9537,873180.BJ,勇仕网络,68.72
9538,873111.BJ,攸特电子,15.12
9539,871626.BJ,威力传动,27.92
9540,871471.BJ,天伟生物,30.79
9545,870877.BJ,星星服装,26.62
9547,870355.BJ,建院股份,17.86
9548,870199.BJ,倍益康,37.41
9551,839725.BJ,惠丰钻石,19.74
9553,839192.BJ,智能交通,18.72
9555,839005.BJ,腾盛智能,29.33
9556,838762.BJ,迈拓港湾,22.97
9557,838656.BJ,斯曼股份,15.03
9558,838647.BJ,创意星球,43.53
9559,838514.BJ,欧维客,20.85
9560,838449.BJ,云多科技,16.45
9568,836247.BJ,华密新材,19.81
9569,836209.BJ,启超电缆,19.68
9571,835620.BJ,奥迪康,40.22
9573,835297.BJ,东杨新材,21.84
9581,834193.BJ,大川新材,17.92
9582,833903.BJ,杭真能源,49.69
9585,833394.BJ,民士达,20.82
9587,833189.BJ,达诺尔,20.91
9589,832369.BJ,江苏神农,16.95
9595,831389.BJ,万和过滤,24.23
9600,688617.SH,惠泰医疗,20.06
9607,605166.SH,聚合顺,16.6
9611,603135.SH,中重科技,21.07
9612,603128.SH,华贸物流,16.23
9615,601666.SH,平煤股份,29.21
9616,601061.SH,中信金属,17.81
9623,430615,华工创新,15.98
9630,300910.SZ,瑞丰新材,24.12
9633,300832.SZ,新产业,21.89
9636,300505.SZ,川金诺,20.97
9642,002959.SZ,小熊电器,17.5
9650,001367.SZ,海森药业,25.92
9651,001360.SZ,南矿集团,24.24
9652,001328.SZ,登康口腔,26.03
9653,001286.SZ,陕西能源,17.62
9657,873873.BJ,鸿普森,44.32
9658,873862.BJ,兴洋科技,65.02
9659,873856.BJ,华科股份,18.41
9660,873825.BJ,梦天门,23.13
9662,873616.BJ,通辰股份,17.36
9663,873560.BJ,中睛股份,18.91
9665,873434.BJ,吴氏股份,17.96
9666,873248.BJ,中浩华,32.99
9667,872899.BJ,恒发股份,19.01
9668,872665.BJ,交设股份,18.72
9674,871694.BJ,中裕科技,30.67
9676,870749.BJ,建华中兴,16.54
9677,870275.BJ,愉百家,41.12
9679,838451.BJ,天成科技,25.07
9680,837220.BJ,弘方科技,19.26
9683,836915.BJ,西瑞控制,15.3
9685,836136.BJ,美特林科,20.98
9688,835541.BJ,康美生物,19.94
9694,833110.BJ,中教产业,20.19
9701,831406.BJ,森达电气,17.78
9702,831326.BJ,三利达,30.31
9703,688484.SH,南芯科技,25.63
9704,688420.SH,美腾科技,30.59
9711,002142.SZ,宁波银行,15.56
9712,900926,宝信B,22.99
9714,600845.SH,宝信软件,22.99
9718,873926.BJ,苏州园林,22.63
9724,871937.BJ,联星技术,27.72
9729,839966.BJ,斯芬克司,36.52
9733,837592.BJ,华信永道,15.08
9734,837011.BJ,极致互动,41.37
9735,835193.BJ,东立科技,20.5
9737,833478.BJ,侨益股份,18.67
9739,831231.BJ,佳保安全,26.42
9741,688556.SH,高测股份,49.51
9743,603538.SH,美诺华,17.57
9745,601231.SH,环旭电子,21.43
9746,600888.SH,新疆众和,20.4443
9747,600817.SH,宇通重工,16.78
9753,600018.SH,上港集团,16.253
9754,430666,绿伞科技,20.26
9755,430588,天松医疗,22.68
9776,001225.SZ,和泰机电,35.49
9781,873780.BJ,成林数控,22.71
9787,872967.BJ,蓉中电气,15.42
9788,872498.BJ,快车科技,23.12
9791,870020.BJ,艾策通讯,59.13
9793,838812.BJ,欧曼科技,16.51
9796,836892.BJ,广咨国际,21.9
9799,834851.BJ,威能电源,25.07
9801,834794.BJ,咸亨股份,19.87
9805,832309.BJ,凯翔科技,18.22
9808,830779.BJ,武汉蓝电,36.54
9814,430324,上海致远,18.72
9817,300316.SZ,晶盛机电,33.82
9828,600833.SH,第一医药,16.48
9832,600570.SH,恒生电子,17.36
9833,600563.SH,法拉电子,27.23
9846,300595.SZ,欧普康视,25.74
9862,000893.SZ,亚钾国际,28.39
9873,874030.BJ,恒永达,42.87
9874,873992.BJ,宇能制药,31.58
9875,873990.BJ,优全生活,32.75
9876,873968.BJ,杰西科技,28.35
9877,873955.BJ,奥星股份,20.04
9878,873908.BJ,方正阀门,15.06
9883,873753.BJ,英内科技,16.76
9884,873731.BJ,纬诚科技,18.54
9885,873726.BJ,卓兆点胶,49.56
9886,873709.BJ,英普环境,18.35
9887,873703.BJ,广厦环能,27.33
9888,873696.BJ,捷瑞数字,29.89
9891,873576.BJ,天力复合,23.65
9892,873575.BJ,西诺稀贵,16.68
9893,873567.BJ,明远创意,17.2
9896,873362.BJ,麦咖股份,15.76
9897,873344.BJ,智者品牌,36.76
9900,872883.BJ,海岳环境,16.64
9902,872676.BJ,宝得换热,22.3
9910,871645.BJ,贵州捷盛,28.61
9913,870976.BJ,视声智能,31.83
9916,870719.BJ,方天股份,44.43
9919,870086.BJ,柯美特,15.59
9922,839216.BJ,西施兰,17.42
9926,838796.BJ,中生金域,17.62
9928,838327.BJ,米莫金属,18.32
9932,837215.BJ,开利控股,63.44
9934,836955.BJ,智盛信息,36.32
9937,836590.BJ,润东科技,29.5
9938,836253.BJ,嘉和融通,51.57
9941,834687.BJ,海唐新媒,26.05
9946,834256.BJ,天地华泰,21.69
9949,833896.BJ,海诺尔,27.34
9950,833887.BJ,庞泰环保,17.43
9951,833819.BJ,颖泰生物,19.59
9954,832954.BJ,龙创设计,19.88
9955,832780.BJ,科瑞生物,36.54
9962,832323.BJ,聚丰股份,22.84
9965,832033.BJ,九通衢,19.73
9966,831875.BJ,岳塑股份,18.99
9978,688722.SH,同益中,15.77
9984,688376.SH,美埃科技,20.62
9985,688363.SH,华熙生物,15.75
9986,688356.SH,键凯科技,16.45
9991,688300.SH,联瑞新材,16.32
9992,688278.SH,特宝生物,22.41
9997,688196.SH,卓越新能,17.35
10004,688059.SH,华锐精密,16.76
10010,603998.SH,方盛制药,19.24
10012,603938.SH,三孚股份,39.18
10014,603899.SH,晨光股份,19.6
10017,603722.SH,阿科力,17.18
10018,603712.SH,七一二,19.5
10022,603444.SH,吉比特,32.49
10025,603151.SH,邦基科技,20.09
10029,603067.SH,振华股份,17.89
10035,601919.SH,中远海控,59.56
10070,600971.SH,恒源煤电,23.19
10090,600690.SH,海尔智家,16.81
10106,600519.SH,贵州茅台,30.26
10109,600460.SH,士兰微,15.3
10120,600298.SH,安琪酵母,16.47
10122,600273.SH,嘉化能源,16.88
10143,600039.SH,四川路桥,26.78
10156,430089,天一众合,48.86
10157,301317.SZ,鑫磊股份,20.99
10159,301280.SZ,珠城科技,18.93
10160,301277.SZ,新天地,24.53
10161,301268.SZ,铭利达,23.14
10164,301165.SZ,锐捷网络,26.79
10165,301153.SZ,中科江南,22.54
10166,301141.SZ,中科磁业,24.28
10170,301029.SZ,怡合达,20.51
10177,300852.SZ,四会富仕,19.96
10183,300769.SZ,德方纳米,39.6
10200,300529.SZ,健帆生物,26.25
10204,300482.SZ,万孚生物,30.81
10205,300481.SZ,濮阳惠成,19.71
10210,300389.SZ,艾比森,15.43
10221,300092.SZ,科新机电,15.33
10237,002895.SZ,川恒股份,19.14
10240,002821.SZ,凯莱英,23.56
10247,002690.SZ,美亚光电,29.37
10258,002541.SZ,鸿路钢构,15.03
10265,002466.SZ,天齐锂业,80.65
10267,002430.SZ,杭氧股份,15.79
10270,002316.SZ,亚联发展,74.15
10285,002032.SZ,苏泊尔,27.89
10286,002030.SZ,达安基因,59.64
10287,001269.SZ,欧晶科技,34.07
10299,000792.SZ,盐湖股份,89.46
10303,000683.SZ,远兴能源,21.61
10324,000014.SZ,沙河股份,23.74
10326,900948,伊泰B股,24.26
10328,873885.BJ,国环科技,20.52
10329,873749.BJ,金苑种业,17.25
10331,873609.BJ,辛巴科技,25.27
10333,873592.BJ,泰舆生物,15.4
10335,873469.BJ,银杉股份,16.5
10336,873463.BJ,北直通航,25.81
10337,873228.BJ,雷霆股份,85.55
10338,873015.BJ,中瑞泰,17.61
10340,872896.BJ,新威环境,27.28
10341,872691.BJ,睦通科技,30.61
10350,871264.BJ,速丰木业,29.56
10351,871022.BJ,熙成传媒,76.26
10352,839894.BJ,长城搅拌,38.16
10355,838940.BJ,易知科技,57.91
10359,837611.BJ,德芯科技,31.74
10366,835367.BJ,榕兴医疗,57.39
10367,835281.BJ,翰林汇,18.17
10368,835171.BJ,美璨文化,164.4
10371,834780.BJ,图安世纪,21.69
10372,834770.BJ,艾能聚,15.58
10373,834624.BJ,天涯泰盟,54.24
10375,834518.BJ,晨日科技,20.3
10379,833741.BJ,腾轩旅游,17.28
10383,833164.BJ,琥珀股份,18.89
10384,833127.BJ,晶品压塑,144.11
10386,832914.BJ,锐嘉工业,26.27
10389,832735.BJ,德源药业,16.09
10394,831985.BJ,华杰电气,22.21
10398,831308.BJ,华博教育,23.89
10402,688531.SH,日联科技,18.1
10409,688016.SH,心脉医疗,22.22
10410,605580.SH,恒盛能源,16.06
10419,603399.SH,吉翔股份,24.31
10420,603300.SH,华铁应急,16.18
10423,603043.SH,广州酒家,16.7
10427,601872.SH,招商轮船,17.11
10431,601717.SH,郑煤机,15.74
10446,600938.SH,中国海油,26.0
10461,600426.SH,华鲁恒升,25.58
10469,430655,今泰科技,16.6
10473,301367.SZ,怡和嘉业,39.16
10476,300957.SZ,贝泰妮,20.48
10479,300841.SZ,康华生物,20.97
10481,300726.SZ,宏达电子,20.6
10483,300575.SZ,中旗股份,23.04
10488,300327.SZ,中颖电子,22.99
10499,003013.SZ,地铁设计,19.59
10500,002978.SZ,安宁股份,21.3
10503,002920.SZ,德赛西威,20.21
10509,002595.SZ,豪迈科技,17.35
10514,002460.SZ,赣锋锂业,61.41
10529,002049.SZ,紫光国微,31.06
10536,001203.SZ,大中矿业,17.81
10537,000970.SZ,中科三环,15.45
10544,000661.SZ,长春高新,25.71
10552,873770.BJ,迅维股份,26.02
10555,873632.BJ,天作电气,16.37
10556,873587.BJ,普赛通信,23.2
10561,872049.BJ,天诚通信,20.97
10562,871837.BJ,三森股份,17.73
10565,870757.BJ,森罗股份,31.71
10569,839751.BJ,南思科技,16.95
10574,836893.BJ,超滤环保,38.95
10575,836625.BJ,宝艺股份,15.56
10577,836193.BJ,瑞一科技,52.43
10584,833863.BJ,道盾科技,22.2
10585,833426.BJ,先控电气,20.96
10589,832009.BJ,普瑞奇,26.74
10594,830946.BJ,森萱医药,15.56
10597,688522.SH,纳睿雷达,21.52
10600,688139.SH,海尔生物,15.9
10602,688005.SH,容百科技,21.94
10605,603191.SH,望变电气,16.28
10613,600985.SH,淮北矿业,23.11
10626,600078.SH,ST澄星,30.38
10629,430683,新中德,19.64
10641,300390.SZ,天华新能,115.12
10643,300309.SZ,*ST吉艾,79.22
10649,002938.SZ,鹏鼎控股,19.37
10651,002801.SZ,微光股份,21.77
10654,002594.SZ,比亚迪,16.14
10662,002129.SZ,TCL中环,19.74
10668,000999.SZ,华润三九,15.15
10669,000895.SZ,双汇发展,25.43
10677,873747.BJ,华信安全,144.65
10678,873707.BJ,丰岛食品,15.56
10679,873646.BJ,虚现科技,34.9
10680,873328.BJ,威锐股份,39.42
10681,872334.BJ,科炬生物,668.15
10682,872325.BJ,丽宫食品,33.88
10684,872155.BJ,九州治水,16.73
10685,871945.BJ,隆鑫股份,17.54
10693,838939.BJ,金坤新材,22.47
10695,838670.BJ,恒进感应,21.73
10696,838624.BJ,文龙中美,20.19
10697,838279.BJ,欧瑞电气,20.04
10705,834281.BJ,威达智能,21.89
10706,833378.BJ,深深爱,17.8
10711,832925.BJ,城投鹏基,35.21
10716,830848.BJ,鑫森海,15.88
10721,688489.SH,三未信安,19.32
10724,688122.SH,西部超导,19.16
10725,605368.SH,蓝天燃气,18.24
10726,605099.SH,共创草坪,21.01
10727,603886.SH,元祖股份,16.97
10728,603659.SH,璞泰来,26.0
10731,603283.SH,赛腾股份,20.51
10733,603132.SH,金徽股份,15.31
10734,603052.SH,可川科技,25.45
10736,601975.SH,招商南油,21.78
10738,601865.SH,福莱特,16.0
10742,600925.SH,苏能股份,28.44
10745,600857.SH,宁波中百,57.51
10752,600546.SH,山煤国际,52.07
10769,430220,迈达科技,21.84
10772,301035.SZ,润丰股份,25.7
10776,300699.SZ,光威复材,21.27
10778,300586.SZ,美联新材,22.03
10782,300401.SZ,花园生物,15.89
10788,300037.SZ,新宙邦,23.54
10789,300009.SZ,安科生物,23.82
10792,002968.SZ,新大正,18.05
10801,002192.SZ,融捷股份,130.74
10805,002136.SZ,安纳达,26.0
10808,000933.SZ,神火股份,57.52
10811,000707.SZ,双环科技,84.92
10813,000629.SZ,钒钛股份,16.47
10817,873848.BJ,晨光科技,19.01
10819,873655.BJ,奥文科技,33.29
10823,873016.BJ,林森生物,55.82
10825,871551.BJ,清泉水务,16.63
10827,870583.BJ,一天电气,28.3
10828,839199.BJ,吉谷胶业,17.19
10830,837685.BJ,淘金互动,80.84
10832,836504.BJ,博迅生物,22.61
10833,836422.BJ,润普食品,29.18
10834,835659.BJ,佳健医疗,35.19
10837,832978.BJ,开特股份,20.76
10841,831685.BJ,亿恩科技,74.44
10842,831288.BJ,安美勤,51.05
10850,001308.SZ,康冠科技,31.73
10858,688269.SH,凯立新材,24.62
10864,601899.SH,紫金矿业,25.29
10868,601168.SH,西部矿业,23.41
10869,601088.SH,中国神华,18.07
10870,601022.SH,宁波远洋,17.66
10876,600803.SH,新奥股份,33.43
10887,600188.SH,兖矿能源,38.67
10890,600036.SH,招商银行,17.06
10891,300363.SZ,博腾股份,40.31
10897,003006.SZ,百亚股份,15.3
10904,002410.SZ,广联达,16.57
10910,001337.SZ,四川黄金,26.82
10920,874011.BJ,安邦制药,17.15
10921,873981.BJ,正导技术,18.47
10922,873865.BJ,新视野,27.7
10923,873772.BJ,彩客科技,40.96
10924,873593.BJ,鼎智科技,52.29
10925,873324.BJ,阳光精机,83.16
10928,873001.BJ,纬达光电,16.1
10929,872759.BJ,玮硕恒基,23.92
10932,871841.BJ,广正股份,15.92
10936,871404.BJ,百生医疗,25.76
10937,870801.BJ,皖创环保,24.15
10941,839483.BJ,用友金融,23.95
10942,839341.BJ,福立仪器,28.44
10943,838402.BJ,硅烷科技,21.32
10944,838241.BJ,开信精工,24.43
10948,836831.BJ,蜜思肤,23.47
10958,833006.BJ,通莞股份,17.93
10960,831163.BJ,艾科新材,19.73
10965,688353.SH,华盛锂电,22.35
10985,600508.SH,上海能源,15.37
10987,600403.SH,大有能源,19.33
10989,600079.SH,人福医药,17.63
10992,301389.SZ,隆扬电子,16.59
10997,300801.SZ,泰和科技,17.64
11000,002463.SZ,沪电股份,17.7
11007,000822.SZ,山东海化,25.76
11013,839273.BJ,一致魔芋,18.86
11015,838394.BJ,金润股份,20.11
11035,600600.SH,青岛啤酒,15.3
11038,430697,宝石金卡,244.06
11042,300693.SZ,盛弘股份,23.52
11043,300453.SZ,三鑫医疗,18.96
11045,002459.SZ,晶澳科技,24.19
11046,002407.SZ,多氟多,34.55
11048,002022.SZ,科华生物,22.36
11052,873253.BJ,安天利信,27.32
11054,871936.BJ,金洁环境,16.46
11060,838799.BJ,嘉农股份,28.61
11064,835085.BJ,新拓云联,54.87
11070,688385.SH,复旦微电,28.48
11072,688295.SH,中复神鹰,16.71
11077,603713.SH,密尔克卫,17.45
11078,603688.SH,石英股份,39.43
11079,603678.SH,火炬电子,16.22
11080,603596.SH,伯特利,18.11
11083,603219.SH,富佳股份,25.08
11086,600970.SH,中材国际,15.81
11089,600702.SH,舍得酒业,30.7
11104,002003.SZ,伟星股份,17.69
11107,000807.SZ,云铝股份,22.32
11108,000786.SZ,北新建材,15.88
11110,900908,氯碱B股,18.57
11111,874016.BJ,星图测控,56.85
11114,873791.BJ,鲁邦通,26.71
11115,873697.BJ,觅睿科技,25.68
11116,873396.BJ,创世达,47.91
11118,870726.BJ,鸿智科技,31.75
11121,837870.BJ,超固股份,16.34
11122,837134.BJ,天元智能,23.31
11123,836249.BJ,恒丰特导,15.07
11124,833444.BJ,华恒股份,17.15
11126,832496.BJ,首创大气,16.73
11130,688419.SH,耐科装备,21.07
11131,688290.SH,景业智能,15.48
11133,605111.SH,新洁能,18.77
11134,605028.SH,世茂能源,18.84
11136,603392.SH,万泰生物,56.19
11138,603259.SH,药明康德,20.62
11140,601882.SH,海天精工,29.18
11143,600618.SH,氯碱化工,18.57
11148,600309.SH,万华化学,22.75
11150,600176.SH,中国巨石,26.52
11151,600141.SH,兴发集团,34.76
11154,301361.SZ,众智科技,17.92
11165,300122.SZ,智飞生物,36.13
11170,002871.SZ,伟隆股份,19.94
11172,002756.SZ,永兴材料,74.72
11174,002318.SZ,久立特材,23.04
11176,002262.SZ,恩华药业,17.2
11181,000810.SZ,创维数字,15.61
11186,873976.BJ,今大禹,26.88
11187,873971.BJ,银河股份,26.69
11188,873850.BJ,百翔科技,16.2
11190,873716.BJ,精鸿益,25.98
11192,873131.BJ,金石钻探,22.84
11193,871282.BJ,关爱通,15.72
11194,870909.BJ,高更科技,39.15
11195,870134.BJ,陆行物流,31.89
11196,836419.BJ,万德股份,20.22
11197,836395.BJ,朗鸿科技,28.16
11198,835052.BJ,美信检测,45.49
11199,835017.BJ,中研股份,18.07
11201,831928.BJ,开泰石化,17.84
11205,600486.SH,扬农化工,23.18
11207,301369.SZ,联动科技,16.56
11209,002629.SZ,仁智股份,78.24
11215,603267.SH,鸿远电子,21.98
11226,300286.SZ,安科瑞,16.11
11229,300087.SZ,荃银高科,15.62
11239,002188.SZ,中天服务,74.8
11242,002080.SZ,中材科技,23.14
11244,000708.SZ,中信特钢,20.96
11249,873927.BJ,恒邦新材,25.82
11252,873450.BJ,西格医学,40.89
11253,872990.BJ,宝福电子,86.93
11254,872539.BJ,圣氏化学,15.07
11257,871135.BJ,鼎邦科技,23.8
11262,839146.BJ,盈博莱,16.23
11263,838971.BJ,天马新材,17.13
11266,835892.BJ,中科美菱,17.54
11268,834752.BJ,蓬莱海洋,17.03
11270,832318.BJ,广通股份,15.84
11275,688301.SH,奕瑞科技,19.25
11280,600660.SH,福耀玻璃,17.65
11281,301299.SZ,卓创资讯,17.54
11284,300765.SZ,新诺威,20.11
11287,002865.SZ,钧达股份,65.37
11291,002105.SZ,信隆健康,20.97
11295,873356.BJ,龙门医药,28.3
11296,872908.BJ,融宇医药,57.85
11297,872865.BJ,源惠电气,24.73
11298,872702.BJ,研几网络,26.53
11300,870457.BJ,精华隆,76.4
11305,838227.BJ,美登科技,20.16
11306,836575.BJ,绿邦作物,20.35
11307,835447.BJ,微卓科技,22.46
11310,688303.SH,大全能源,61.68
11324,002179.SZ,中航光电,16.82
11325,000663.SZ,永安林业,34.38
11327,873914.BJ,东方智汇,20.79
11328,873905.BJ,美托股份,27.19
11332,873332.BJ,美辰环保,24.26
11333,872910.BJ,正升环境,18.47
11336,835640.BJ,富士达,20.69
11338,834033.BJ,康普化学,39.86
11340,832725.BJ,时代铝箔,21.17
11344,605366.SH,宏柏新材,19.02
11346,603393.SH,新天然气,18.99
11348,601138.SH,工业富联,16.17
11349,600976.SH,健民集团,25.27
11354,301391.SZ,卡莱特,19.78
11360,000048.SZ,京基智农,31.35
11362,871604.BJ,兴达软件,17.75
11363,870647.BJ,智信道,31.16
11364,839255.BJ,思亿欧,32.59
11366,833284.BJ,灵鸽科技,19.99
11371,600732.SH,爱旭股份,37.25
11375,871988.BJ,味巴哥,30.42
11376,838701.BJ,豪声电子,20.35
11378,837601.BJ,天瑞电子,21.32
11379,832469.BJ,富恒新材,17.91
11380,688786.SH,悦安新材,15.05
11392,600063.SH,皖维高新,19.22
11393,301071.SZ,力量钻石,38.73
11394,002014.SZ,永新股份,17.01
11395,000915.SZ,华特达因,22.11
11398,874022.BJ,海图科技,56.32
11400,873935.BJ,世林股份,16.23
11401,873694.BJ,北矿检测,18.77
11403,873207.BJ,华创生活,21.77
11405,870800.BJ,中草香料,29.77
11409,836266.BJ,亿维股份,34.86
11410,836241.BJ,比特耐特,18.49
11412,832513.BJ,汇群中药,17.6
11413,832075.BJ,东方水利,20.7
11415,603606.SH,东方电缆,16.3
11418,600989.SH,宝丰能源,19.57
11420,300750.SZ,宁德时代,24.67
11421,300354.SZ,东华测试,22.17
11424,000739.SZ,普洛药业,19.01
11425,000408.SZ,藏格矿业,50.09
11427,872397.BJ,世德装备,18.37
11430,835359.BJ,百通能源,16.31
11434,300896.SZ,爱美客,23.73
11435,002056.SZ,横店东磁,23.29
11437,873965.BJ,聚新科技,15.85
11439,837653.BJ,汉威光电,24.42
11443,688502.SH,茂莱光学,17.54
11445,605090.SH,九丰能源,17.67
11446,603305.SH,旭升集团,16.31
11450,002668.SZ,奥马电器,65.35
11451,833866.BJ,紫翔生物,15.53
11452,833179.BJ,南京试剂,32.21
11453,600873.SH,梅花生物,35.95
11457,002240.SZ,盛新锂能,68.67
11463,833408.BJ,伊森新材,33.12
11465,837305.BJ,万和科技,41.68
11466,837062.BJ,同成医药,27.94
11470,002812.SZ,恩捷股份,25.39
11473,835340.BJ,金网信息,16.48
11474,831742.BJ,纽米科技,32.67
11476,603282.SH,亚光股份,34.13
11479,430184,御华堂,18.42
11481,002258.SZ,利尔化学,31.32
11482,837078.BJ,阿泰可,16.14
11487,872946.BJ,瑞索股份,38.55
11489,838309.BJ,京彩未来,61.89
11491,837341.BJ,睿恒数控,16.86
11492,836592.BJ,友声科技,22.52
11493,832684.BJ,天运股份,33.48
11507,300033.SZ,同花顺,25.55
11517,871583.BJ,信盟装备,22.39
11521,000972.SZ,中基健康,31.71
11523,871484.BJ,聚合电力,17.49
11525,833177.BJ,时代股份,21.27
11527,870536.BJ,快达农化,17.41
11531,603077.SH,和邦生物,22.47
11536,835970.BJ,联发科技,22.3
11539,874010.BJ,华鑫吃,24.07
11540,603162.SH,海通发展,40.19
11541,870494.BJ,厚利春,18.52
11546,837680.BJ,天圣高科,30.59
